experiment,condition,subject,block,p,nll,bic,model
1,new_learn,2,6,0.4955680268114623,68.62157087543459,137.24314175086917,nll_rand_guess
1,new_learn,2,6,0.2719354626030358,58.00946586835839,120.62410192270487,nll_bias_guess
1,new_learn,2,6,30.33753921973884,38.4073899259988,86.02512022397379,nll_unix_0
1,new_learn,2,6,17.11385941774256,38.4073899259988,86.02512022397379,nll_unix_0
1,new_learn,2,6,70.12255487104426,103.54985068299135,216.31004173795887,nll_unix_1
1,new_learn,2,6,35.47664571159703,103.54985068299135,216.31004173795887,nll_unix_1
1,new_learn,2,6,23.073024124002483,77.82754695458009,164.86543428113634,nll_uniy_0
1,new_learn,2,6,35.47670584857711,77.82754695458009,164.86543428113634,nll_uniy_0
1,new_learn,2,6,70.049580963551,59.75825341518683,128.72684720234983,nll_uniy_1
1,new_learn,2,6,35.472342465381466,59.75825341518683,128.72684720234983,nll_uniy_1
1,new_learn,2,6,0.9999998840725133,38.41544257657776,90.6463957111198,nll_glc_0
1,new_learn,2,6,-30.04346513576754,38.41544257657776,90.6463957111198,nll_glc_0
1,new_learn,2,6,17.265866796713766,38.41544257657776,90.6463957111198,nll_glc_0
1,new_learn,2,6,-0.9927266582117762,37.91081991744727,89.63715039285881,nll_glc_1
1,new_learn,2,6,24.502493976033346,37.91081991744727,89.63715039285881,nll_glc_1
1,new_learn,2,6,17.143128274899375,37.91081991744727,89.63715039285881,nll_glc_1
1,new_learn,2,6,0.016788609662846454,65.67241538996309,145.16034133789046,nll_gcc_eq_0
1,new_learn,2,6,67.00471918276982,65.67241538996309,145.16034133789046,nll_gcc_eq_0
1,new_learn,2,6,35.47032478952924,65.67241538996309,145.16034133789046,nll_gcc_eq_0
1,new_learn,2,6,34.33928073289708,37.2248033332637,88.26511722449168,nll_gcc_eq_1
1,new_learn,2,6,17.19404933060845,37.2248033332637,88.26511722449168,nll_gcc_eq_1
1,new_learn,2,6,16.15577335622811,37.2248033332637,88.26511722449168,nll_gcc_eq_1
1,new_learn,2,6,0.014834773283837421,82.64334126840585,179.10219309477597,nll_gcc_eq_2
1,new_learn,2,6,26.891076092558265,82.64334126840585,179.10219309477597,nll_gcc_eq_2
1,new_learn,2,6,35.473008108510996,82.64334126840585,179.10219309477597,nll_gcc_eq_2
1,new_learn,2,6,30.905179637770775,39.4484058896339,92.71232233723207,nll_gcc_eq_3
1,new_learn,2,6,99.99551763801796,39.4484058896339,92.71232233723207,nll_gcc_eq_3
1,new_learn,2,6,16.68954963637625,39.4484058896339,92.71232233723207,nll_gcc_eq_3
1,new_learn,6,6,0.7283629947619645,64.46268779207492,128.92537558414983,nll_rand_guess
1,new_learn,6,6,0.44065515813485845,63.81063269462277,132.22643557523364,nll_bias_guess
1,new_learn,6,6,47.654398307027606,64.16511609447856,137.5405725609333,nll_unix_0
1,new_learn,6,6,39.10196715094649,64.16511609447856,137.5405725609333,nll_unix_0
1,new_learn,6,6,60.866665889659274,83.54249866270538,176.29533769738694,nll_unix_1
1,new_learn,6,6,39.105188953595324,83.54249866270538,176.29533769738694,nll_unix_1
1,new_learn,6,6,44.43921170421534,46.6853311776217,102.58100272721958,nll_uniy_0
1,new_learn,6,6,23.512352749393454,46.6853311776217,102.58100272721958,nll_uniy_0
1,new_learn,6,6,53.98209503351744,95.51046405168194,200.23126847534004,nll_uniy_1
1,new_learn,6,6,39.109800176004754,95.51046405168194,200.23126847534004,nll_uniy_1
1,new_learn,6,6,0.434474483731073,39.61514267870412,93.04579591537251,nll_glc_0
1,new_learn,6,6,-64.15545443641139,39.61514267870412,93.04579591537251,nll_glc_0
1,new_learn,6,6,17.808307361691647,39.61514267870412,93.04579591537251,nll_glc_0
1,new_learn,6,6,-0.9999999129229769,64.17956574983687,142.174642057638,nll_glc_1
1,new_learn,6,6,47.13826345292829,64.17956574983687,142.174642057638,nll_glc_1
1,new_learn,6,6,39.09745010483266,64.17956574983687,142.174642057638,nll_glc_1
1,new_learn,6,6,52.29750004561512,86.18842110310737,186.19235276417902,nll_gcc_eq_0
1,new_learn,6,6,0.010576096993482054,86.18842110310737,186.19235276417902,nll_gcc_eq_0
1,new_learn,6,6,39.10995525120079,86.18842110310737,186.19235276417902,nll_gcc_eq_0
1,new_learn,6,6,52.11932471839602,70.74430504323459,155.30412064443345,nll_gcc_eq_1
1,new_learn,6,6,0.00951475481807762,70.74430504323459,155.30412064443345,nll_gcc_eq_1
1,new_learn,6,6,39.093319891141704,70.74430504323459,155.30412064443345,nll_gcc_eq_1
1,new_learn,6,6,0.012004510567933835,47.90032665308961,109.61616386414349,nll_gcc_eq_2
1,new_learn,6,6,45.1556193607018,47.90032665308961,109.61616386414349,nll_gcc_eq_2
1,new_learn,6,6,21.295325793157115,47.90032665308961,109.61616386414349,nll_gcc_eq_2
1,new_learn,6,6,83.5521748470289,43.29106289247656,100.3976363429174,nll_gcc_eq_3
1,new_learn,6,6,52.008582319790555,43.29106289247656,100.3976363429174,nll_gcc_eq_3
1,new_learn,6,6,20.488364078763308,43.29106289247656,100.3976363429174,nll_gcc_eq_3
1,new_learn,10,6,0.4405115842555771,69.31471805599453,138.62943611198907,nll_rand_guess
1,new_learn,10,6,0.49981963411167357,69.31472456236568,143.23461931071947,nll_bias_guess
1,new_learn,10,6,47.510831622716545,93.33766284507318,195.88566606212254,nll_unix_0
1,new_learn,10,6,38.62482249611298,93.33766284507318,195.88566606212254,nll_unix_0
1,new_learn,10,6,47.76554681623334,70.55004988950598,150.31044015098814,nll_unix_1
1,new_learn,10,6,38.61600621183389,70.55004988950598,150.31044015098814,nll_unix_1
1,new_learn,10,6,50.194172071526886,78.25204559956643,165.71443157110903,nll_uniy_0
1,new_learn,10,6,38.62384699926141,78.25204559956643,165.71443157110903,nll_uniy_0
1,new_learn,10,6,50.08055312662969,84.68135264309535,178.57304565816688,nll_uniy_1
1,new_learn,10,6,38.62493454299303,84.68135264309535,178.57304565816688,nll_uniy_1
1,new_learn,10,6,-0.9999945621988795,70.56362432076133,154.94275919948694,nll_glc_0
1,new_learn,10,6,47.0931103003226,70.56362432076133,154.94275919948694,nll_glc_0
1,new_learn,10,6,38.62120714278316,70.56362432076133,154.94275919948694,nll_glc_0
1,new_learn,10,6,0.9491463186137741,69.67210061105696,153.1597117800782,nll_glc_1
1,new_learn,10,6,-61.29214943987265,69.67210061105696,153.1597117800782,nll_glc_1
1,new_learn,10,6,38.60576896350089,69.67210061105696,153.1597117800782,nll_glc_1
1,new_learn,10,6,38.190753253888495,70.05896502252943,153.93344060302314,nll_gcc_eq_0
1,new_learn,10,6,0.06764390217784211,70.05896502252943,153.93344060302314,nll_gcc_eq_0
1,new_learn,10,6,38.61511667845969,70.05896502252943,153.93344060302314,nll_gcc_eq_0
1,new_learn,10,6,99.91715688420912,86.88004899231939,187.57560854260305,nll_gcc_eq_1
1,new_learn,10,6,42.45400052455949,86.88004899231939,187.57560854260305,nll_gcc_eq_1
1,new_learn,10,6,38.61859608656563,86.88004899231939,187.57560854260305,nll_gcc_eq_1
1,new_learn,10,6,39.01400537802761,70.89528267366794,155.60607590530014,nll_gcc_eq_2
1,new_learn,10,6,99.94576983294108,70.89528267366794,155.60607590530014,nll_gcc_eq_2
1,new_learn,10,6,38.62023331607412,70.89528267366794,155.60607590530014,nll_gcc_eq_2
1,new_learn,10,6,99.99496078428214,77.87359452534659,169.56269960865745,nll_gcc_eq_3
1,new_learn,10,6,60.00576649083623,77.87359452534659,169.56269960865745,nll_gcc_eq_3
1,new_learn,10,6,38.624441640993275,77.87359452534659,169.56269960865745,nll_gcc_eq_3
1,new_learn,14,6,0.6551334111195423,67.23527651431469,134.47055302862938,nll_rand_guess
1,new_learn,14,6,0.504937992586347,67.23013089027756,139.06543196654323,nll_bias_guess
1,new_learn,14,6,48.626251128267874,88.37097240496803,185.95228518191223,nll_unix_0
1,new_learn,14,6,38.871891722796434,88.37097240496803,185.95228518191223,nll_unix_0
1,new_learn,14,6,46.61114222567301,65.16315688375147,139.5366541394791,nll_unix_1
1,new_learn,14,6,38.84913066000655,65.16315688375147,139.5366541394791,nll_unix_1
1,new_learn,14,6,50.66772026242551,44.75345780745255,98.71725598688128,nll_uniy_0
1,new_learn,14,6,23.282956244706526,44.75345780745255,98.71725598688128,nll_uniy_0
1,new_learn,14,6,50.8385652494399,112.1757754655093,233.56189130299478,nll_uniy_1
1,new_learn,14,6,38.87385800562902,112.1757754655093,233.56189130299478,nll_uniy_1
1,new_learn,14,6,-0.07765576819547304,44.62691917939444,103.06934891675316,nll_glc_0
1,new_learn,14,6,-46.8472669861012,44.62691917939444,103.06934891675316,nll_glc_0
1,new_learn,14,6,23.845294000321324,44.62691917939444,103.06934891675316,nll_glc_0
1,new_learn,14,6,0.9999999273914963,65.1733848449598,144.16228024788387,nll_glc_1
1,new_learn,14,6,-46.71472344304582,65.1733848449598,144.16228024788387,nll_glc_1
1,new_learn,14,6,38.843357650025084,65.1733848449598,144.16228024788387,nll_glc_1
1,new_learn,14,6,42.4595338308828,72.11596049604542,158.0474315500551,nll_gcc_eq_0
1,new_learn,14,6,0.006066339675243171,72.11596049604542,158.0474315500551,nll_gcc_eq_0
1,new_learn,14,6,36.553364053704215,72.11596049604542,158.0474315500551,nll_gcc_eq_0
1,new_learn,14,6,53.58241540030764,95.18721172527952,204.18993400852332,nll_gcc_eq_1
1,new_learn,14,6,0.08726631709247812,95.18721172527952,204.18993400852332,nll_gcc_eq_1
1,new_learn,14,6,38.85461346426477,95.18721172527952,204.18993400852332,nll_gcc_eq_1
1,new_learn,14,6,0.017279949173698128,45.11507384902746,104.0456582560192,nll_gcc_eq_2
1,new_learn,14,6,53.243441629628386,45.11507384902746,104.0456582560192,nll_gcc_eq_2
1,new_learn,14,6,23.29730088754396,45.11507384902746,104.0456582560192,nll_gcc_eq_2
1,new_learn,14,6,99.99917857805865,45.92416954346558,105.66384964489544,nll_gcc_eq_3
1,new_learn,14,6,52.219380831561516,45.92416954346558,105.66384964489544,nll_gcc_eq_3
1,new_learn,14,6,19.887989060138864,45.92416954346558,105.66384964489544,nll_gcc_eq_3
1,new_learn,18,6,0.5867001129335778,69.31471805599453,138.62943611198907,nll_rand_guess
1,new_learn,18,6,0.4300096538895902,68.33149137642869,141.26815293884547,nll_bias_guess
1,new_learn,18,6,39.67937032081515,67.25576693403178,143.72187424003974,nll_unix_0
1,new_learn,18,6,38.41787992108002,67.25576693403178,143.72187424003974,nll_unix_0
1,new_learn,18,6,55.37611753788478,94.61893900311487,198.44821837820592,nll_unix_1
1,new_learn,18,6,38.418672702854295,94.61893900311487,198.44821837820592,nll_unix_1
1,new_learn,18,6,43.092355425546415,62.69421352061177,134.5987674131997,nll_uniy_0
1,new_learn,18,6,38.412208823990646,62.69421352061177,134.5987674131997,nll_uniy_0
1,new_learn,18,6,57.361922233961096,102.11844642660154,213.44723322517925,nll_uniy_1
1,new_learn,18,6,38.41843137048218,102.11844642660154,213.44723322517925,nll_uniy_1
1,new_learn,18,6,0.6658612223969884,52.54104341238796,118.89759738274019,nll_glc_0
1,new_learn,18,6,-63.49684403699173,52.54104341238796,118.89759738274019,nll_glc_0
1,new_learn,18,6,26.171532352784574,52.54104341238796,118.89759738274019,nll_glc_0
1,new_learn,18,6,-0.9999999574785178,67.26480329453364,148.34511714703154,nll_glc_1
1,new_learn,18,6,39.31128500853146,67.26480329453364,148.34511714703154,nll_glc_1
1,new_learn,18,6,38.410308698541826,67.26480329453364,148.34511714703154,nll_glc_1
1,new_learn,18,6,31.565227537120244,91.59465842412095,197.00482740620618,nll_gcc_eq_0
1,new_learn,18,6,22.29778478661971,91.59465842412095,197.00482740620618,nll_gcc_eq_0
1,new_learn,18,6,38.41552368643972,91.59465842412095,197.00482740620618,nll_gcc_eq_0
1,new_learn,18,6,43.96661548126565,73.35386468183874,160.52323992164176,nll_gcc_eq_1
1,new_learn,18,6,0.014815587226607363,73.35386468183874,160.52323992164176,nll_gcc_eq_1
1,new_learn,18,6,38.402276925210785,73.35386468183874,160.52323992164176,nll_gcc_eq_1
1,new_learn,18,6,0.003489085015601745,67.7045872651692,149.22468508830266,nll_gcc_eq_2
1,new_learn,18,6,47.98981822567306,67.7045872651692,149.22468508830266,nll_gcc_eq_2
1,new_learn,18,6,38.358774154485474,67.7045872651692,149.22468508830266,nll_gcc_eq_2
1,new_learn,18,6,69.85100738208472,55.73168218464238,125.27887492724903,nll_gcc_eq_3
1,new_learn,18,6,63.3588732556091,55.73168218464238,125.27887492724903,nll_gcc_eq_3
1,new_learn,18,6,30.99606843624274,55.73168218464238,125.27887492724903,nll_gcc_eq_3
1,new_learn,26,6,0.8519028239291715,69.31471805599453,138.62943611198907,nll_rand_guess
1,new_learn,26,6,0.6099668046277034,66.87480891677198,138.35478801953207,nll_bias_guess
1,new_learn,26,6,63.14870469870417,89.17321505100696,187.5567704739901,nll_unix_0
1,new_learn,26,6,38.09039398385875,89.17321505100696,187.5567704739901,nll_unix_0
1,new_learn,26,6,39.95406465306158,70.41101588109633,150.03237213416884,nll_unix_1
1,new_learn,26,6,38.09204291020818,70.41101588109633,150.03237213416884,nll_unix_1
1,new_learn,26,6,60.106314990988274,55.753435122799594,120.71721061757538,nll_uniy_0
1,new_learn,26,6,36.60656732239518,55.753435122799594,120.71721061757538,nll_uniy_0
1,new_learn,26,6,37.84263151445646,102.79494781298092,214.80023599793802,nll_uniy_1
1,new_learn,26,6,38.09263807758025,102.79494781298092,214.80023599793802,nll_uniy_1
1,new_learn,26,6,-0.14094536476437758,55.53085561908145,124.87722179612717,nll_glc_0
1,new_learn,26,6,-52.308236696563824,55.53085561908145,124.87722179612717,nll_glc_0
1,new_learn,26,6,37.41562450526965,55.53085561908145,124.87722179612717,nll_glc_0
1,new_learn,26,6,0.9999999632666514,70.42809346869504,154.67169749535435,nll_glc_1
1,new_learn,26,6,-40.099674308890435,70.42809346869504,154.67169749535435,nll_glc_1
1,new_learn,26,6,38.05930581780217,70.42809346869504,154.67169749535435,nll_glc_1
1,new_learn,26,6,30.98257831881949,74.2481977580376,162.31190607403948,nll_gcc_eq_0
1,new_learn,26,6,0.005085725363336735,74.2481977580376,162.31190607403948,nll_gcc_eq_0
1,new_learn,26,6,38.01296883344788,74.2481977580376,162.31190607403948,nll_gcc_eq_0
1,new_learn,26,6,72.87666489753167,93.34922282013062,200.51395619822551,nll_gcc_eq_1
1,new_learn,26,6,0.009694548649314072,93.34922282013062,200.51395619822551,nll_gcc_eq_1
1,new_learn,26,6,38.09326127499939,93.34922282013062,200.51395619822551,nll_gcc_eq_1
1,new_learn,26,6,0.18452300276528888,55.11321722344148,124.04194500484724,nll_gcc_eq_2
1,new_learn,26,6,64.34288717681119,55.11321722344148,124.04194500484724,nll_gcc_eq_2
1,new_learn,26,6,31.018538837791098,55.11321722344148,124.04194500484724,nll_gcc_eq_2
1,new_learn,26,6,99.99963043332878,58.43547138027479,130.68645331851386,nll_gcc_eq_3
1,new_learn,26,6,63.1772949730874,58.43547138027479,130.68645331851386,nll_gcc_eq_3
1,new_learn,26,6,27.804711572231213,58.43547138027479,130.68645331851386,nll_gcc_eq_3
1,new_learn,30,6,0.7276696251824423,69.31471805599453,138.62943611198907,nll_rand_guess
1,new_learn,30,6,0.46043992182619126,68.99441479773418,142.59399978145646,nll_bias_guess
1,new_learn,30,6,45.254909725846886,76.25515911098394,161.72065859394405,nll_unix_0
1,new_learn,30,6,38.96825777507292,76.25515911098394,161.72065859394405,nll_unix_0
1,new_learn,30,6,53.745008534837545,84.09761808844583,177.40557654886783,nll_unix_1
1,new_learn,30,6,38.969503071499155,84.09761808844583,177.40557654886783,nll_unix_1
1,new_learn,30,6,47.571508734990545,70.70748480184105,150.62530997565827,nll_uniy_0
1,new_learn,30,6,38.96660086868709,70.70748480184105,150.62530997565827,nll_uniy_0
1,new_learn,30,6,55.49697792764714,91.477835547014,192.16601146600416,nll_uniy_1
1,new_learn,30,6,38.96904806212484,91.477835547014,192.16601146600416,nll_uniy_1
1,new_learn,30,6,0.5820969134878706,67.16015524435934,148.13582104668296,nll_glc_0
1,new_learn,30,6,-66.46379376325031,67.16015524435934,148.13582104668296,nll_glc_0
1,new_learn,30,6,38.94015348645496,67.16015524435934,148.13582104668296,nll_glc_0
1,new_learn,30,6,0.999999893728128,84.09933295558965,182.01417646914356,nll_glc_1
1,new_learn,30,6,-53.65760021814556,84.09933295558965,182.01417646914356,nll_glc_1
1,new_learn,30,6,38.9698555555972,84.09933295558965,182.01417646914356,nll_glc_1
1,new_learn,30,6,44.64091381530664,84.19999121186524,182.21549298169475,nll_gcc_eq_0
1,new_learn,30,6,0.6829046783832382,84.19999121186524,182.21549298169475,nll_gcc_eq_0
1,new_learn,30,6,38.95739887769517,84.19999121186524,182.21549298169475,nll_gcc_eq_0
1,new_learn,30,6,51.33453983759566,79.35449259232888,172.52449574262204,nll_gcc_eq_1
1,new_learn,30,6,0.07816665806106471,79.35449259232888,172.52449574262204,nll_gcc_eq_1
1,new_learn,30,6,38.958255572378626,79.35449259232888,172.52449574262204,nll_gcc_eq_1
1,new_learn,30,6,0.08118145510515262,72.40675193330013,158.62901442456453,nll_gcc_eq_2
1,new_learn,30,6,54.067360461339376,72.40675193330013,158.62901442456453,nll_gcc_eq_2
1,new_learn,30,6,38.96438717341423,72.40675193330013,158.62901442456453,nll_gcc_eq_2
1,new_learn,30,6,84.10335727085291,67.917909261646,149.65132908125628,nll_gcc_eq_3
1,new_learn,30,6,64.01973260296049,67.917909261646,149.65132908125628,nll_gcc_eq_3
1,new_learn,30,6,38.94524244029681,67.917909261646,149.65132908125628,nll_gcc_eq_3
1,new_learn,34,6,0.1648506083086011,65.8489821531948,131.6979643063896,nll_rand_guess
1,new_learn,34,6,0.4827309079483873,65.80202228651788,136.20921475902387,nll_bias_guess
1,new_learn,34,6,48.370204336896094,83.54096829800449,176.29227696798515,nll_unix_0
1,new_learn,34,6,39.032114035160554,83.54096829800449,176.29227696798515,nll_unix_0
1,new_learn,34,6,51.182969530774194,70.010845650309,149.23203167259416,nll_unix_1
1,new_learn,34,6,39.037613830971964,70.010845650309,149.23203167259416,nll_unix_1
1,new_learn,34,6,48.95968602107212,71.91276435195448,153.03586907588513,nll_uniy_0
1,new_learn,34,6,39.03188034910133,71.91276435195448,153.03586907588513,nll_uniy_0
1,new_learn,34,6,51.38626179936584,86.0850534604747,181.38044729292557,nll_uniy_1
1,new_learn,34,6,39.03499939485607,86.0850534604747,181.38044729292557,nll_uniy_1
1,new_learn,34,6,0.3381917901233433,71.44322655098213,156.70196365992854,nll_glc_0
1,new_learn,34,6,-62.36252623484232,71.44322655098213,156.70196365992854,nll_glc_0
1,new_learn,34,6,39.02665963035827,71.44322655098213,156.70196365992854,nll_glc_0
1,new_learn,34,6,0.9836643696956213,69.7628501481046,153.34121085417348,nll_glc_1
1,new_learn,34,6,-59.28256482220156,69.7628501481046,153.34121085417348,nll_glc_1
1,new_learn,34,6,39.03490907914486,69.7628501481046,153.34121085417348,nll_glc_1
1,new_learn,34,6,40.903480345558215,69.72810396132871,153.2717184806217,nll_gcc_eq_0
1,new_learn,34,6,0.024156860755120135,69.72810396132871,153.2717184806217,nll_gcc_eq_0
1,new_learn,34,6,39.03208572766965,69.72810396132871,153.2717184806217,nll_gcc_eq_0
1,new_learn,34,6,56.005240990881866,85.51060064570612,184.8367118493765,nll_gcc_eq_1
1,new_learn,34,6,0.07374189026729283,85.51060064570612,184.8367118493765,nll_gcc_eq_1
1,new_learn,34,6,39.02716698276687,85.51060064570612,184.8367118493765,nll_gcc_eq_1
1,new_learn,34,6,30.47563307192033,69.8910870434064,153.59768464477708,nll_gcc_eq_2
1,new_learn,34,6,78.13212474230235,69.8910870434064,153.59768464477708,nll_gcc_eq_2
1,new_learn,34,6,39.035192421754445,69.8910870434064,153.59768464477708,nll_gcc_eq_2
1,new_learn,34,6,99.86295639072313,71.57338869962068,156.96228795720563,nll_gcc_eq_3
1,new_learn,34,6,58.30379158072326,71.57338869962068,156.96228795720563,nll_gcc_eq_3
1,new_learn,34,6,39.02760797134474,71.57338869962068,156.96228795720563,nll_gcc_eq_3
1,new_learn,38,6,0.6345055136415381,68.62157087543459,137.24314175086917,nll_rand_guess
1,new_learn,38,6,0.45453822337041083,68.21191461962889,141.02899942524587,nll_bias_guess
1,new_learn,38,6,45.396364835946216,86.40754917296604,182.02543871790826,nll_unix_0
1,new_learn,38,6,38.52863734432542,86.40754917296604,182.02543871790826,nll_unix_0
1,new_learn,38,6,54.56527208136836,71.79855638523944,152.80745314245505,nll_unix_1
1,new_learn,38,6,38.52901527322286,71.79855638523944,152.80745314245505,nll_unix_1
1,new_learn,38,6,43.56733458716831,53.25892742642509,115.72819522482637,nll_uniy_0
1,new_learn,38,6,32.728555476227754,53.25892742642509,115.72819522482637,nll_uniy_0
1,new_learn,38,6,52.11780073551863,111.24393794868774,231.69821626935166,nll_uniy_1
1,new_learn,38,6,38.52986877211952,111.24393794868774,231.69821626935166,nll_uniy_1
1,new_learn,38,6,0.04945546357965758,53.22581646393666,120.2671434858376,nll_glc_0
1,new_learn,38,6,-46.006469791280466,53.22581646393666,120.2671434858376,nll_glc_0
1,new_learn,38,6,32.26780746364743,53.22581646393666,120.2671434858376,nll_glc_0
1,new_learn,38,6,0.9999998166064228,71.82485849536448,157.46522754869324,nll_glc_1
1,new_learn,38,6,-53.81548696591225,71.82485849536448,157.46522754869324,nll_glc_1
1,new_learn,38,6,38.52304946345193,71.82485849536448,157.46522754869324,nll_glc_1
1,new_learn,38,6,47.75405282289139,77.9067337554543,169.62897806887287,nll_gcc_eq_0
1,new_learn,38,6,0.02515987040251133,77.9067337554543,169.62897806887287,nll_gcc_eq_0
1,new_learn,38,6,38.506337725332614,77.9067337554543,169.62897806887287,nll_gcc_eq_0
1,new_learn,38,6,50.277944935526655,93.65455892611311,201.1246284101905,nll_gcc_eq_1
1,new_learn,38,6,0.041712141784508106,93.65455892611311,201.1246284101905,nll_gcc_eq_1
1,new_learn,38,6,38.51444615781864,93.65455892611311,201.1246284101905,nll_gcc_eq_1
1,new_learn,38,6,0.00015612571532841457,54.131488939950515,122.0784884378653,nll_gcc_eq_2
1,new_learn,38,6,47.504753496907135,54.131488939950515,122.0784884378653,nll_gcc_eq_2
1,new_learn,38,6,31.046673906231295,54.131488939950515,122.0784884378653,nll_gcc_eq_2
1,new_learn,38,6,99.98721826004885,54.33720429467215,122.48991914730857,nll_gcc_eq_3
1,new_learn,38,6,47.87512529100743,54.33720429467215,122.48991914730857,nll_gcc_eq_3
1,new_learn,38,6,27.988139251454243,54.33720429467215,122.48991914730857,nll_gcc_eq_3
1,relearn,1,6,0.9933983397453843,69.31471805599453,138.62943611198907,nll_rand_guess
1,relearn,1,6,0.4294512905584946,68.331552790538,141.2682757670641,nll_bias_guess
1,relearn,1,6,44.357727405609914,110.51067130894599,230.23168298986815,nll_unix_0
1,relearn,1,6,37.1503436279158,110.51067130894599,230.23168298986815,nll_unix_0
1,relearn,1,6,57.61858080166314,52.58475494615949,114.37985026429517,nll_unix_1
1,relearn,1,6,29.473185560038864,52.58475494615949,114.37985026429517,nll_unix_1
1,relearn,1,6,44.771061330139695,89.48715559578022,188.18465156353662,nll_uniy_0
1,relearn,1,6,37.147604735991166,89.48715559578022,188.18465156353662,nll_uniy_0
1,relearn,1,6,59.66950030830369,76.0372959990007,161.28493236997758,nll_uniy_1
1,relearn,1,6,37.14326224716492,76.0372959990007,161.28493236997758,nll_uniy_1
1,relearn,1,6,-0.9922572963995997,52.27803864754209,118.37158785304845,nll_glc_0
1,relearn,1,6,50.46785004578348,52.27803864754209,118.37158785304845,nll_glc_0
1,relearn,1,6,27.81563394464564,52.27803864754209,118.37158785304845,nll_glc_0
1,relearn,1,6,0.9999986852989782,52.594397048092574,119.00430465414942,nll_glc_1
1,relearn,1,6,-57.72747434340917,52.594397048092574,119.00430465414942,nll_glc_1
1,relearn,1,6,29.81316296398947,52.594397048092574,119.00430465414942,nll_glc_1
1,relearn,1,6,55.13623523056346,53.37775764741405,120.57102585279237,nll_gcc_eq_0
1,relearn,1,6,0.054624482498283555,53.37775764741405,120.57102585279237,nll_gcc_eq_0
1,relearn,1,6,28.56778933884432,53.37775764741405,120.57102585279237,nll_gcc_eq_0
1,relearn,1,6,99.96828152883997,80.86464799862344,175.54480655521115,nll_gcc_eq_1
1,relearn,1,6,53.52498473354315,80.86464799862344,175.54480655521115,nll_gcc_eq_1
1,relearn,1,6,37.14952259268624,80.86464799862344,175.54480655521115,nll_gcc_eq_1
1,relearn,1,6,53.54671535866432,53.654942724425766,121.1253960068158,nll_gcc_eq_2
1,relearn,1,6,99.99302163612352,53.654942724425766,121.1253960068158,nll_gcc_eq_2
1,relearn,1,6,25.92693717719532,53.654942724425766,121.1253960068158,nll_gcc_eq_2
1,relearn,1,6,99.99813133562543,95.14642575377931,204.1083620655229,nll_gcc_eq_3
1,relearn,1,6,50.19479195386025,95.14642575377931,204.1083620655229,nll_gcc_eq_3
1,relearn,1,6,37.13663668267975,95.14642575377931,204.1083620655229,nll_gcc_eq_3
1,relearn,5,6,0.267428090580605,68.62157087543459,137.24314175086917,nll_rand_guess
1,relearn,5,6,0.4440406374554462,68.00922877657683,140.62362773914177,nll_bias_guess
1,relearn,5,6,44.56023322935538,96.8908571540716,202.99205468011937,nll_unix_0
1,relearn,5,6,38.691356493670334,96.8908571540716,202.99205468011937,nll_unix_0
1,relearn,5,6,55.131775298290066,58.498815719901934,126.20797181178006,nll_unix_1
1,relearn,5,6,35.63902185628298,58.498815719901934,126.20797181178006,nll_unix_1
1,relearn,5,6,45.72578775815645,81.15590649105647,171.5221533540891,nll_uniy_0
1,relearn,5,6,38.68526835364463,81.15590649105647,171.5221533540891,nll_uniy_0
1,relearn,5,6,57.40570708982954,77.74823837485988,164.70681712169593,nll_uniy_1
1,relearn,5,6,38.68590692487605,77.74823837485988,164.70681712169593,nll_uniy_1
1,relearn,5,6,-0.986130875187927,58.13576150752779,130.08703357301985,nll_glc_0
1,relearn,5,6,45.204423055422076,58.13576150752779,130.08703357301985,nll_glc_0
1,relearn,5,6,33.14163213366116,58.13576150752779,130.08703357301985,nll_glc_0
1,relearn,5,6,0.9999978556283373,58.51264461679324,130.84079979155075,nll_glc_1
1,relearn,5,6,-55.563323116273935,58.51264461679324,130.84079979155075,nll_glc_1
1,relearn,5,6,36.328260322937496,58.51264461679324,130.84079979155075,nll_glc_1
1,relearn,5,6,50.96000946709183,60.20922117859311,134.2339529151505,nll_gcc_eq_0
1,relearn,5,6,0.0006327310335692005,60.20922117859311,134.2339529151505,nll_gcc_eq_0
1,relearn,5,6,34.34760439044903,60.20922117859311,134.2339529151505,nll_gcc_eq_0
1,relearn,5,6,99.96926628351895,80.63740875070796,175.0903280593802,nll_gcc_eq_1
1,relearn,5,6,50.55103736712977,80.63740875070796,175.0903280593802,nll_gcc_eq_1
1,relearn,5,6,38.693811741769025,80.63740875070796,175.0903280593802,nll_gcc_eq_1
1,relearn,5,6,49.71499180926269,59.263376338890204,132.34226323574467,nll_gcc_eq_2
1,relearn,5,6,99.9950064301267,59.263376338890204,132.34226323574467,nll_gcc_eq_2
1,relearn,5,6,31.489442909604875,59.263376338890204,132.34226323574467,nll_gcc_eq_2
1,relearn,5,6,99.92809960833833,85.41846700930427,184.6524445765728,nll_gcc_eq_3
1,relearn,5,6,51.10632539738712,85.41846700930427,184.6524445765728,nll_gcc_eq_3
1,relearn,5,6,38.686417153096656,85.41846700930427,184.6524445765728,nll_gcc_eq_3
1,relearn,9,6,0.8716677301215173,69.31471805599453,138.62943611198907,nll_rand_guess
1,relearn,9,6,0.6396242588656831,65.3418501083805,135.2888704027491,nll_bias_guess
1,relearn,9,6,65.50223129222012,84.39598700474563,178.00231438146744,nll_unix_0
1,relearn,9,6,39.69895099418803,84.39598700474563,178.00231438146744,nll_unix_0
1,relearn,9,6,36.05061090074574,68.5029590737147,146.21625851940559,nll_unix_1
1,relearn,9,6,39.70771260446709,68.5029590737147,146.21625851940559,nll_unix_1
1,relearn,9,6,63.06561006434399,74.6290175362635,158.46837544450318,nll_uniy_0
1,relearn,9,6,39.70855854690591,74.6290175362635,158.46837544450318,nll_uniy_0
1,relearn,9,6,32.93312375483261,79.08459432537654,167.37952902272926,nll_uniy_1
1,relearn,9,6,39.707673882338625,79.08459432537654,167.37952902272926,nll_uniy_1
1,relearn,9,6,-0.8496247403784835,65.64988420350005,145.11527896496438,nll_glc_0
1,relearn,9,6,2.874297589714395,65.64988420350005,145.11527896496438,nll_glc_0
1,relearn,9,6,39.70021034861914,65.64988420350005,145.11527896496438,nll_glc_0
1,relearn,9,6,0.9999931285739947,68.54833755002933,150.91218565802293,nll_glc_1
1,relearn,9,6,-35.603091252143436,68.54833755002933,150.91218565802293,nll_glc_1
1,relearn,9,6,39.69456454706624,68.54833755002933,150.91218565802293,nll_glc_1
1,relearn,9,6,23.98633131114182,70.35386531747838,154.52324119292103,nll_gcc_eq_0
1,relearn,9,6,0.00029954821307853763,70.35386531747838,154.52324119292103,nll_gcc_eq_0
1,relearn,9,6,39.70764297395404,70.35386531747838,154.52324119292103,nll_gcc_eq_0
1,relearn,9,6,99.6487223385497,72.2484752676164,158.31246109319707,nll_gcc_eq_1
1,relearn,9,6,14.163877173293855,72.2484752676164,158.31246109319707,nll_gcc_eq_1
1,relearn,9,6,39.70761843683941,72.2484752676164,158.31246109319707,nll_gcc_eq_1
1,relearn,9,6,19.79785068291352,62.42051758179699,138.65654572155825,nll_gcc_eq_2
1,relearn,9,6,98.3410361098639,62.42051758179699,138.65654572155825,nll_gcc_eq_2
1,relearn,9,6,39.67849564240274,62.42051758179699,138.65654572155825,nll_gcc_eq_2
1,relearn,9,6,99.92496417863333,76.70655380379367,167.2286181655516,nll_gcc_eq_3
1,relearn,9,6,74.15654233845103,76.70655380379367,167.2286181655516,nll_gcc_eq_3
1,relearn,9,6,39.70845228151713,76.70655380379367,167.2286181655516,nll_gcc_eq_3
1,relearn,13,6,0.43826500822685127,69.31471805599453,138.62943611198907,nll_rand_guess
1,relearn,13,6,0.6206605180737492,66.40650528806032,137.41818076210873,nll_bias_guess
1,relearn,13,6,64.6172745846254,105.71862286585852,220.64758610369321,nll_unix_0
1,relearn,13,6,37.06378693067259,105.71862286585852,220.64758610369321,nll_unix_0
1,relearn,13,6,44.41550941525649,44.66082459025317,98.53198955248253,nll_unix_1
1,relearn,13,6,19.138752872700266,44.66082459025317,98.53198955248253,nll_unix_1
1,relearn,13,6,64.92282757135273,60.91503888907914,131.04041815013446,nll_uniy_0
1,relearn,13,6,37.04887777725699,60.91503888907914,131.04041815013446,nll_uniy_0
1,relearn,13,6,40.43181375895459,97.34825053857791,203.906841449132,nll_uniy_1
1,relearn,13,6,37.06373883595086,97.34825053857791,203.906841449132,nll_uniy_1
1,relearn,13,6,-0.904256119161812,29.6388448151846,73.09320018833347,nll_glc_0
1,relearn,13,6,17.868172548452392,29.6388448151846,73.09320018833347,nll_glc_0
1,relearn,13,6,11.630754080941959,29.6388448151846,73.09320018833347,nll_glc_0
1,relearn,13,6,0.9999999805703983,44.671183888820664,103.1578783356056,nll_glc_1
1,relearn,13,6,-44.52001194852019,44.671183888820664,103.1578783356056,nll_glc_1
1,relearn,13,6,19.254541618160218,44.671183888820664,103.1578783356056,nll_glc_1
1,relearn,13,6,44.77871678562151,48.03039315478138,109.87629686752703,nll_gcc_eq_0
1,relearn,13,6,0.0006152201594247231,48.03039315478138,109.87629686752703,nll_gcc_eq_0
1,relearn,13,6,16.47053327617167,48.03039315478138,109.87629686752703,nll_gcc_eq_0
1,relearn,13,6,99.99858632644239,98.77517674089867,211.36586403976162,nll_gcc_eq_1
1,relearn,13,6,27.676689368939968,98.77517674089867,211.36586403976162,nll_gcc_eq_1
1,relearn,13,6,37.06458855607583,98.77517674089867,211.36586403976162,nll_gcc_eq_1
1,relearn,13,6,38.79602345002176,34.99491366815106,83.80533789426639,nll_gcc_eq_2
1,relearn,13,6,84.11091723442098,34.99491366815106,83.80533789426639,nll_gcc_eq_2
1,relearn,13,6,11.799811191089542,34.99491366815106,83.80533789426639,nll_gcc_eq_2
1,relearn,13,6,99.99715667643693,72.00840439502075,157.83231934800577,nll_gcc_eq_3
1,relearn,13,6,68.1554111692461,72.00840439502075,157.83231934800577,nll_gcc_eq_3
1,relearn,13,6,35.66628942808059,72.00840439502075,157.83231934800577,nll_gcc_eq_3
1,relearn,17,6,0.6062993977564517,69.31471805599453,138.62943611198907,nll_rand_guess
1,relearn,17,6,0.46815022971691084,69.13529691147428,142.87576400893667,nll_bias_guess
1,relearn,17,6,48.64185271211603,108.37872330749477,225.9677869869657,nll_unix_0
1,relearn,17,6,36.571900380658406,108.37872330749477,225.9677869869657,nll_unix_0
1,relearn,17,6,56.185480441534416,66.81952598830946,142.8493923485951,nll_unix_1
1,relearn,17,6,36.5691812935453,66.81952598830946,142.8493923485951,nll_unix_1
1,relearn,17,6,45.87777811792198,70.92464561126421,151.0596315945046,nll_uniy_0
1,relearn,17,6,36.571610322414756,70.92464561126421,151.0596315945046,nll_uniy_0
1,relearn,17,6,52.054688097065295,95.20047544759035,199.61129126715687,nll_uniy_1
1,relearn,17,6,36.571833411640284,95.20047544759035,199.61129126715687,nll_uniy_1
1,relearn,17,6,-0.7155032986298777,56.044722438605234,125.90495543517474,nll_glc_0
1,relearn,17,6,5.564055977160591,56.044722438605234,125.90495543517474,nll_glc_0
1,relearn,17,6,29.294153681954782,56.044722438605234,125.90495543517474,nll_glc_0
1,relearn,17,6,0.9999999974669,66.81966920437152,147.45484896670732,nll_glc_1
1,relearn,17,6,-56.10982189695762,66.81966920437152,147.45484896670732,nll_glc_1
1,relearn,17,6,36.57161861400192,66.81966920437152,147.45484896670732,nll_glc_1
1,relearn,17,6,51.170022168726284,71.41378191656835,156.64307439110098,nll_gcc_eq_0
1,relearn,17,6,0.004394932894200565,71.41378191656835,156.64307439110098,nll_gcc_eq_0
1,relearn,17,6,36.5686319254429,71.41378191656835,156.64307439110098,nll_gcc_eq_0
1,relearn,17,6,90.3221930303677,91.05042972824074,195.91637001444576,nll_gcc_eq_1
1,relearn,17,6,34.378962295773384,91.05042972824074,195.91637001444576,nll_gcc_eq_1
1,relearn,17,6,36.56988858679937,91.05042972824074,195.91637001444576,nll_gcc_eq_1
1,relearn,17,6,30.483148197383752,57.97884888288036,129.773208323725,nll_gcc_eq_2
1,relearn,17,6,71.02722597797272,57.97884888288036,129.773208323725,nll_gcc_eq_2
1,relearn,17,6,31.706945923545668,57.97884888288036,129.773208323725,nll_gcc_eq_2
1,relearn,17,6,99.98907312614102,77.97060599989715,169.75672255775856,nll_gcc_eq_3
1,relearn,17,6,50.451929596878195,77.97060599989715,169.75672255775856,nll_gcc_eq_3
1,relearn,17,6,36.52629415092376,77.97060599989715,169.75672255775856,nll_gcc_eq_3
1,relearn,21,6,0.4509308533208509,69.31471805599453,138.62943611198907,nll_rand_guess
1,relearn,21,6,0.5268305778058715,69.13662522130012,142.87842062858834,nll_bias_guess
1,relearn,21,6,47.866736640629,104.98344071107657,219.1772217941293,nll_unix_0
1,relearn,21,6,39.23118653833433,104.98344071107657,219.1772217941293,nll_unix_0
1,relearn,21,6,42.04218777074539,58.73903681227168,126.68841399651954,nll_unix_1
1,relearn,21,6,39.22294060247708,58.73903681227168,126.68841399651954,nll_unix_1
1,relearn,21,6,51.751219498239024,68.68404501066797,146.57843039331212,nll_uniy_0
1,relearn,21,6,39.23295889082692,68.68404501066797,146.57843039331212,nll_uniy_0
1,relearn,21,6,45.04472249256255,91.31365391521427,191.83764820240472,nll_uniy_1
1,relearn,21,6,39.22892008696354,91.31365391521427,191.83764820240472,nll_uniy_1
1,relearn,21,6,-0.788694818568553,47.84509696540013,109.50570448876454,nll_glc_0
1,relearn,21,6,3.1895496548956963,47.84509696540013,109.50570448876454,nll_glc_0
1,relearn,21,6,20.04837038876698,47.84509696540013,109.50570448876454,nll_glc_0
1,relearn,21,6,0.9999995372848118,58.77189312982131,131.3592968176069,nll_glc_1
1,relearn,21,6,-42.696975853228366,58.77189312982131,131.3592968176069,nll_glc_1
1,relearn,21,6,38.242357431698295,58.77189312982131,131.3592968176069,nll_glc_1
1,relearn,21,6,40.006964190190374,65.61413005921099,145.04377067638626,nll_gcc_eq_0
1,relearn,21,6,0.025436473973080354,65.61413005921099,145.04377067638626,nll_gcc_eq_0
1,relearn,21,6,33.45884004680599,65.61413005921099,145.04377067638626,nll_gcc_eq_0
1,relearn,21,6,99.96259602311505,89.92143932447053,193.65838920690533,nll_gcc_eq_1
1,relearn,21,6,34.43525568243335,89.92143932447053,193.65838920690533,nll_gcc_eq_1
1,relearn,21,6,39.22808229914949,89.92143932447053,193.65838920690533,nll_gcc_eq_1
1,relearn,21,6,30.466071544251655,48.44736600588007,110.71024256972441,nll_gcc_eq_2
1,relearn,21,6,77.0014126060571,48.44736600588007,110.71024256972441,nll_gcc_eq_2
1,relearn,21,6,19.586740872657536,48.44736600588007,110.71024256972441,nll_gcc_eq_2
1,relearn,21,6,99.99299132856805,75.79208743347579,165.39968542491584,nll_gcc_eq_3
1,relearn,21,6,54.91405999474733,75.79208743347579,165.39968542491584,nll_gcc_eq_3
1,relearn,21,6,39.17838221500717,75.79208743347579,165.39968542491584,nll_gcc_eq_3
1,relearn,25,6,0.8074193368008187,69.31471805599453,138.62943611198907,nll_rand_guess
1,relearn,25,6,0.569488896675556,68.3315446368774,141.2682594597429,nll_bias_guess
1,relearn,25,6,57.09742396955758,109.67773190692334,228.56580418582286,nll_unix_0
1,relearn,25,6,38.11629582029918,109.67773190692334,228.56580418582286,nll_unix_0
1,relearn,25,6,43.22670616994087,51.988716255276266,113.18777288252872,nll_unix_1
1,relearn,25,6,28.88705140872615,51.988716255276266,113.18777288252872,nll_unix_1
1,relearn,25,6,59.39591568619757,81.34142331180149,171.89318699557916,nll_uniy_0
1,relearn,25,6,38.11574171015506,81.34142331180149,171.89318699557916,nll_uniy_0
1,relearn,25,6,44.37861271577624,78.35404737485297,165.9184351216821,nll_uniy_1
1,relearn,25,6,38.114910198838636,78.35404737485297,165.9184351216821,nll_uniy_1
1,relearn,25,6,-0.9569409852304228,49.969808049362,113.75512665668828,nll_glc_0
1,relearn,25,6,26.802441688831166,49.969808049362,113.75512665668828,nll_glc_0
1,relearn,25,6,23.644483069326288,49.969808049362,113.75512665668828,nll_glc_0
1,relearn,25,6,0.9999999485326365,51.992590116148996,117.80069079026227,nll_glc_1
1,relearn,25,6,-43.165623034246224,51.992590116148996,117.80069079026227,nll_glc_1
1,relearn,25,6,28.80828812168726,51.992590116148996,117.80069079026227,nll_glc_1
1,relearn,25,6,41.59501538216769,54.01481432620179,121.84513921036785,nll_gcc_eq_0
1,relearn,25,6,0.014064689934372154,54.01481432620179,121.84513921036785,nll_gcc_eq_0
1,relearn,25,6,25.594240191375373,54.01481432620179,121.84513921036785,nll_gcc_eq_0
1,relearn,25,6,99.93881177875089,83.85143781491502,181.5183861877943,nll_gcc_eq_1
1,relearn,25,6,37.27683306895433,83.85143781491502,181.5183861877943,nll_gcc_eq_1
1,relearn,25,6,38.11044382926389,83.85143781491502,181.5183861877943,nll_gcc_eq_1
1,relearn,25,6,39.17698433122682,51.616276707124925,117.04806397221412,nll_gcc_eq_2
1,relearn,25,6,99.98128284172475,51.616276707124925,117.04806397221412,nll_gcc_eq_2
1,relearn,25,6,23.44510777052549,51.616276707124925,117.04806397221412,nll_gcc_eq_2
1,relearn,25,6,99.9890836819028,89.55132483604213,192.91816023004853,nll_gcc_eq_3
1,relearn,25,6,64.32670251469544,89.55132483604213,192.91816023004853,nll_gcc_eq_3
1,relearn,25,6,38.09219442692846,89.55132483604213,192.91816023004853,nll_gcc_eq_3
1,relearn,29,6,0.009269574974795802,69.31471805599453,138.62943611198907,nll_rand_guess
1,relearn,29,6,0.4897025935258983,69.29473441993281,143.19463902585372,nll_bias_guess
1,relearn,29,6,44.95421933068448,109.35100474617764,227.91234986433145,nll_unix_0
1,relearn,29,6,38.35998336632331,109.35100474617764,227.91234986433145,nll_unix_0
1,relearn,29,6,46.16380589477587,50.1891732276821,109.58868682734038,nll_unix_1
1,relearn,29,6,24.846215140244386,50.1891732276821,109.58868682734038,nll_unix_1
1,relearn,29,6,48.103635935685844,74.07733857315024,157.36501751827666,nll_uniy_0
1,relearn,29,6,38.34934771164528,74.07733857315024,157.36501751827666,nll_uniy_0
1,relearn,29,6,49.86445738246286,87.25652197843056,183.72338432883728,nll_uniy_1
1,relearn,29,6,38.35825457534452,87.25652197843056,183.72338432883728,nll_uniy_1
1,relearn,29,6,-0.9225718273666021,44.51319164104274,102.84189384004975,nll_glc_0
1,relearn,29,6,23.882330183917343,44.51319164104274,102.84189384004975,nll_glc_0
1,relearn,29,6,18.97577476478438,44.51319164104274,102.84189384004975,nll_glc_0
1,relearn,29,6,0.9999999825104318,50.1983180896105,114.21214673718528,nll_glc_1
1,relearn,29,6,-46.67566098555652,50.1983180896105,114.21214673718528,nll_glc_1
1,relearn,29,6,24.648795513520785,50.1983180896105,114.21214673718528,nll_glc_1
1,relearn,29,6,44.93348273041076,53.05573031227895,119.92697118252218,nll_gcc_eq_0
1,relearn,29,6,0.00265179861461462,53.05573031227895,119.92697118252218,nll_gcc_eq_0
1,relearn,29,6,21.999993205829725,53.05573031227895,119.92697118252218,nll_gcc_eq_0
1,relearn,29,6,99.89185938854101,89.63820111718698,193.09191279233823,nll_gcc_eq_1
1,relearn,29,6,42.85834597982407,89.63820111718698,193.09191279233823,nll_gcc_eq_1
1,relearn,29,6,38.358464584652566,89.63820111718698,193.09191279233823,nll_gcc_eq_1
1,relearn,29,6,41.66525649062401,46.053219667653025,105.92194989327032,nll_gcc_eq_2
1,relearn,29,6,91.70229075122299,46.053219667653025,105.92194989327032,nll_gcc_eq_2
1,relearn,29,6,18.72273965311793,46.053219667653025,105.92194989327032,nll_gcc_eq_2
1,relearn,29,6,99.97758968977556,80.62344870604188,175.06240797004804,nll_gcc_eq_3
1,relearn,29,6,50.82019789590615,80.62344870604188,175.06240797004804,nll_gcc_eq_3
1,relearn,29,6,38.354249426364206,80.62344870604188,175.06240797004804,nll_gcc_eq_3
1,relearn,33,6,0.4580485536718619,69.31471805599453,138.62943611198907,nll_rand_guess
1,relearn,33,6,0.620730751125123,66.40652603989238,137.41822226577287,nll_bias_guess
1,relearn,33,6,66.39690420692153,107.49103998159518,224.19242033516653,nll_unix_0
1,relearn,33,6,37.06173753804596,107.49103998159518,224.19242033516653,nll_unix_0
1,relearn,33,6,42.525337996866256,55.0667163366394,119.34377304525499,nll_unix_1
1,relearn,33,6,37.047068194849864,55.0667163366394,119.34377304525499,nll_unix_1
1,relearn,33,6,62.980684542299656,89.85342316052001,188.9171866930162,nll_uniy_0
1,relearn,33,6,37.055555101562135,89.85342316052001,188.9171866930162,nll_uniy_0
1,relearn,33,6,37.36317369600024,69.6299671889108,148.47027474979777,nll_uniy_1
1,relearn,33,6,37.05688871105698,69.6299671889108,148.47027474979777,nll_uniy_1
1,relearn,33,6,-0.9998573298448278,55.06493888792129,123.94538833380686,nll_glc_0
1,relearn,33,6,41.80062811234444,55.06493888792129,123.94538833380686,nll_glc_0
1,relearn,33,6,37.048216635101156,55.06493888792129,123.94538833380686,nll_glc_0
1,relearn,33,6,0.9999854103708907,55.070931956742804,123.95737447144988,nll_glc_1
1,relearn,33,6,-42.94737618711378,55.070931956742804,123.95737447144988,nll_glc_1
1,relearn,33,6,36.96101742017444,55.070931956742804,123.95737447144988,nll_glc_1
1,relearn,33,6,34.641293473727515,56.217840600702985,126.25119175937024,nll_gcc_eq_0
1,relearn,33,6,0.06294372884687505,56.217840600702985,126.25119175937024,nll_gcc_eq_0
1,relearn,33,6,36.193228786722855,56.217840600702985,126.25119175937024,nll_gcc_eq_0
1,relearn,33,6,99.99146077058381,76.05028309800379,165.91607675397185,nll_gcc_eq_1
1,relearn,33,6,28.6143524277414,76.05028309800379,165.91607675397185,nll_gcc_eq_1
1,relearn,33,6,37.00596157595193,76.05028309800379,165.91607675397185,nll_gcc_eq_1
1,relearn,33,6,39.10623762478175,58.01922386291707,129.85395828379842,nll_gcc_eq_2
1,relearn,33,6,99.99659744961896,58.01922386291707,129.85395828379842,nll_gcc_eq_2
1,relearn,33,6,29.535801651965073,58.01922386291707,129.85395828379842,nll_gcc_eq_2
1,relearn,33,6,99.99627616665916,96.34452391342623,206.50455838481673,nll_gcc_eq_3
1,relearn,33,6,72.78622329571186,96.34452391342623,206.50455838481673,nll_gcc_eq_3
1,relearn,33,6,37.06299229517816,96.34452391342623,206.50455838481673,nll_gcc_eq_3
1,relearn,37,6,0.3813295410443922,69.31471805599453,138.62943611198907,nll_rand_guess
1,relearn,37,6,0.6292759014951821,65.89568047437454,136.3965311347372,nll_bias_guess
1,relearn,37,6,63.78077745855525,102.06324529803655,213.33683096804927,nll_unix_0
1,relearn,37,6,37.73165332262386,102.06324529803655,213.33683096804927,nll_unix_0
1,relearn,37,6,39.56704336062818,50.99355563556699,111.19745164311017,nll_unix_1
1,relearn,37,6,26.8912364595243,50.99355563556699,111.19745164311017,nll_unix_1
1,relearn,37,6,63.01018747930982,61.08086559597086,131.3720715639179,nll_uniy_0
1,relearn,37,6,37.72124496832626,61.08086559597086,131.3720715639179,nll_uniy_0
1,relearn,37,6,36.62643637603593,95.25443785189852,199.7192160757732,nll_uniy_1
1,relearn,37,6,37.73135351801169,95.25443785189852,199.7192160757732,nll_uniy_1
1,relearn,37,6,-0.8360542183581176,36.599251201832615,87.0140129616295,nll_glc_0
1,relearn,37,6,6.758458559473738,36.599251201832615,87.0140129616295,nll_glc_0
1,relearn,37,6,15.674681094859826,36.599251201832615,87.0140129616295,nll_glc_0
1,relearn,37,6,0.9999999897263043,50.99892191110776,115.81335438017979,nll_glc_1
1,relearn,37,6,-39.66078715393696,50.99892191110776,115.81335438017979,nll_glc_1
1,relearn,37,6,26.96306404041966,50.99892191110776,115.81335438017979,nll_glc_1
1,relearn,37,6,40.164382916190384,56.92539791999296,127.6663063979502,nll_gcc_eq_0
1,relearn,37,6,0.0029490004564607375,56.92539791999296,127.6663063979502,nll_gcc_eq_0
1,relearn,37,6,21.61868757699027,56.92539791999296,127.6663063979502,nll_gcc_eq_0
1,relearn,37,6,96.01225278136081,94.64223968032763,203.09998991861954,nll_gcc_eq_1
1,relearn,37,6,19.885887462802614,94.64223968032763,203.09998991861954,nll_gcc_eq_1
1,relearn,37,6,37.72724367096929,94.64223968032763,203.09998991861954,nll_gcc_eq_1
1,relearn,37,6,31.300436851894936,38.8786725744602,91.57285570688467,nll_gcc_eq_2
1,relearn,37,6,76.96989118399787,38.8786725744602,91.57285570688467,nll_gcc_eq_2
1,relearn,37,6,14.00506635810516,38.8786725744602,91.57285570688467,nll_gcc_eq_2
1,relearn,37,6,99.99759492444667,71.34092350317778,156.49735756431983,nll_gcc_eq_3
1,relearn,37,6,66.82446781757699,71.34092350317778,156.49735756431983,nll_gcc_eq_3
1,relearn,37,6,37.56005135716282,71.34092350317778,156.49735756431983,nll_gcc_eq_3
2,new_learn,42,6,0.9920607250260914,69.31471805599453,138.62943611198907,nll_rand_guess
2,new_learn,42,6,0.6803594345138758,62.6869754549558,129.9791210958997,nll_bias_guess
2,new_learn,42,6,67.13586671525317,81.96185635210503,173.13405307618623,nll_unix_0
2,new_learn,42,6,37.18131732771148,81.96185635210503,173.13405307618623,nll_unix_0
2,new_learn,42,6,29.052969976723915,66.87732695385009,142.96499427967635,nll_unix_1
2,new_learn,42,6,37.17777014029474,66.87732695385009,142.96499427967635,nll_unix_1
2,new_learn,42,6,70.09578994878298,52.204258087722636,113.61885654742146,nll_uniy_0
2,new_learn,42,6,37.09121310878156,52.204258087722636,113.61885654742146,nll_uniy_0
2,new_learn,42,6,31.162002548710845,100.11962337894805,209.44958712987227,nll_uniy_1
2,new_learn,42,6,37.18402030926062,100.11962337894805,209.44958712987227,nll_uniy_1
2,new_learn,42,6,-0.0016299960278041148,52.20299309176049,118.22149674148525,nll_glc_0
2,new_learn,42,6,-70.14534969674317,52.20299309176049,118.22149674148525,nll_glc_0
2,new_learn,42,6,37.16132922790722,52.20299309176049,118.22149674148525,nll_glc_0
2,new_learn,42,6,0.999999999584783,66.8804849992349,147.57648055643406,nll_glc_1
2,new_learn,42,6,-29.220970435288915,66.8804849992349,147.57648055643406,nll_glc_1
2,new_learn,42,6,37.171731490470314,66.8804849992349,147.57648055643406,nll_glc_1
2,new_learn,42,6,21.523888407599156,73.06538864013103,159.94628783822634,nll_gcc_eq_0
2,new_learn,42,6,0.027331116984740333,73.06538864013103,159.94628783822634,nll_gcc_eq_0
2,new_learn,42,6,37.16767192638881,73.06538864013103,159.94628783822634,nll_gcc_eq_0
2,new_learn,42,6,76.17196900389594,87.98866438731058,189.79283933258543,nll_gcc_eq_1
2,new_learn,42,6,0.0026766988635174016,87.98866438731058,189.79283933258543,nll_gcc_eq_1
2,new_learn,42,6,37.17219273290401,87.98866438731058,189.79283933258543,nll_gcc_eq_1
2,new_learn,42,6,0.013459656155013988,53.53997948419048,120.89546952634524,nll_gcc_eq_2
2,new_learn,42,6,74.69743640540077,53.53997948419048,120.89546952634524,nll_gcc_eq_2
2,new_learn,42,6,31.215277839060825,53.53997948419048,120.89546952634524,nll_gcc_eq_2
2,new_learn,42,6,99.99642223281222,53.49677919937244,120.80906895670915,nll_gcc_eq_3
2,new_learn,42,6,70.56853182918562,53.49677919937244,120.80906895670915,nll_gcc_eq_3
2,new_learn,42,6,25.597559606066287,53.49677919937244,120.80906895670915,nll_gcc_eq_3
2,new_learn,46,6,0.94864652218987,69.31471805599453,138.62943611198907,nll_rand_guess
2,new_learn,46,6,0.5801944641300657,68.02920778184286,140.6635857496738,nll_bias_guess
2,new_learn,46,6,58.13240304713521,82.07052514007381,173.3513906521238,nll_unix_0
2,new_learn,46,6,37.302845091153586,82.07052514007381,173.3513906521238,nll_unix_0
2,new_learn,46,6,40.12489630001065,79.52979055584919,168.26992148367455,nll_unix_1
2,new_learn,46,6,37.30097401843629,79.52979055584919,168.26992148367455,nll_unix_1
2,new_learn,46,6,55.69417366225225,80.98177786569586,171.1738961033679,nll_uniy_0
2,new_learn,46,6,37.30492383633779,80.98177786569586,171.1738961033679,nll_uniy_0
2,new_learn,46,6,39.74139371645425,82.78962613234178,174.78959263665973,nll_uniy_1
2,new_learn,46,6,37.30777597921988,82.78962613234178,174.78959263665973,nll_uniy_1
2,new_learn,46,6,0.7077726538220146,77.42852382197123,168.67255820190672,nll_glc_0
2,new_learn,46,6,-76.67149649451888,77.42852382197123,168.67255820190672,nll_glc_0
2,new_learn,46,6,37.30671174825443,77.42852382197123,168.67255820190672,nll_glc_0
2,new_learn,46,6,0.797834648165658,77.05235508477242,167.9202207275091,nll_glc_1
2,new_learn,46,6,-59.44048885228783,77.05235508477242,167.9202207275091,nll_glc_1
2,new_learn,46,6,37.30712639349265,77.05235508477242,167.9202207275091,nll_glc_1
2,new_learn,46,6,19.536295316552042,75.42825956252918,164.67202968302263,nll_gcc_eq_0
2,new_learn,46,6,11.218707906795373,75.42825956252918,164.67202968302263,nll_gcc_eq_0
2,new_learn,46,6,37.304190091870495,75.42825956252918,164.67202968302263,nll_gcc_eq_0
2,new_learn,46,6,68.68252465610072,81.77218242919682,177.3598754163579,nll_gcc_eq_1
2,new_learn,46,6,0.15983348824744326,81.77218242919682,177.3598754163579,nll_gcc_eq_1
2,new_learn,46,6,37.307344875531726,81.77218242919682,177.3598754163579,nll_gcc_eq_1
2,new_learn,46,6,28.301326404330396,79.14629811988125,172.10810679772678,nll_gcc_eq_2
2,new_learn,46,6,94.32094108604579,79.14629811988125,172.10810679772678,nll_gcc_eq_2
2,new_learn,46,6,37.30155260677245,79.14629811988125,172.10810679772678,nll_gcc_eq_2
2,new_learn,46,6,79.94291219108072,77.10126189563223,168.01803434922874,nll_gcc_eq_3
2,new_learn,46,6,82.29990579347006,77.10126189563223,168.01803434922874,nll_gcc_eq_3
2,new_learn,46,6,37.30615685697847,77.10126189563223,168.01803434922874,nll_gcc_eq_3
2,new_learn,50,6,0.35042335683863657,64.46268779207492,128.92537558414983,nll_rand_guess
2,new_learn,50,6,0.5703967008675428,63.55115152183974,131.70747322966758,nll_bias_guess
2,new_learn,50,6,57.75270698781482,79.07799621884503,167.36633280966623,nll_unix_0
2,new_learn,50,6,35.42620900323715,79.07799621884503,167.36633280966623,nll_unix_0
2,new_learn,50,6,43.95963107585779,75.38898929229525,159.98831895656667,nll_unix_1
2,new_learn,50,6,35.44370618302706,75.38898929229525,159.98831895656667,nll_unix_1
2,new_learn,50,6,56.2946156742757,57.3576070848207,123.92555454161759,nll_uniy_0
2,new_learn,50,6,35.44123164770722,57.3576070848207,123.92555454161759,nll_uniy_0
2,new_learn,50,6,44.15893813806468,100.22405492781198,209.65845022760013,nll_uniy_1
2,new_learn,50,6,35.444161062689076,100.22405492781198,209.65845022760013,nll_uniy_1
2,new_learn,50,6,0.23846004332537496,56.70442249523605,127.22435554843638,nll_glc_0
2,new_learn,50,6,-66.88250144593306,56.70442249523605,127.22435554843638,nll_glc_0
2,new_learn,50,6,35.44412368293994,56.70442249523605,127.22435554843638,nll_glc_0
2,new_learn,50,6,0.9999999943625169,75.4272124367362,164.66993543143667,nll_glc_1
2,new_learn,50,6,-44.449948684976846,75.4272124367362,164.66993543143667,nll_glc_1
2,new_learn,50,6,35.395255053869725,75.4272124367362,164.66993543143667,nll_glc_1
2,new_learn,50,6,34.67096482678915,75.25580758073724,164.32712571943875,nll_gcc_eq_0
2,new_learn,50,6,0.00959680086858583,75.25580758073724,164.32712571943875,nll_gcc_eq_0
2,new_learn,50,6,35.44078040413407,75.25580758073724,164.32712571943875,nll_gcc_eq_0
2,new_learn,50,6,64.72415068429491,82.2259124595897,178.26733547714366,nll_gcc_eq_1
2,new_learn,50,6,0.010120070511327128,82.2259124595897,178.26733547714366,nll_gcc_eq_1
2,new_learn,50,6,35.444855035608114,82.2259124595897,178.26733547714366,nll_gcc_eq_1
2,new_learn,50,6,0.009695698465023384,58.444293684713855,130.70409792739198,nll_gcc_eq_2
2,new_learn,50,6,62.830443467243946,58.444293684713855,130.70409792739198,nll_gcc_eq_2
2,new_learn,50,6,35.41847172151217,58.444293684713855,130.70409792739198,nll_gcc_eq_2
2,new_learn,50,6,99.99346529810461,56.406369421744614,126.6282494014535,nll_gcc_eq_3
2,new_learn,50,6,66.0110302913807,56.406369421744614,126.6282494014535,nll_gcc_eq_3
2,new_learn,50,6,34.99853165491186,56.406369421744614,126.6282494014535,nll_gcc_eq_3
2,new_learn,54,6,0.0411025710811187,69.31471805599453,138.62943611198907,nll_rand_guess
2,new_learn,54,6,0.4687747306492498,69.13491130221193,142.87499279041197,nll_bias_guess
2,new_learn,54,6,42.00429369369851,95.60939311100378,200.42912659398374,nll_unix_0
2,new_learn,54,6,35.887236905272,95.60939311100378,200.42912659398374,nll_unix_0
2,new_learn,54,6,47.59819738350161,70.89201347330925,150.99436731859467,nll_unix_1
2,new_learn,54,6,35.886899070394406,70.89201347330925,150.99436731859467,nll_unix_1
2,new_learn,54,6,42.522095857278565,53.5596757987737,116.3296919695236,nll_uniy_0
2,new_learn,54,6,30.74825191422466,53.5596757987737,116.3296919695236,nll_uniy_0
2,new_learn,54,6,48.86652162412926,115.2093313587975,239.62900308957117,nll_uniy_1
2,new_learn,54,6,35.886412830239394,115.2093313587975,239.62900308957117,nll_uniy_1
2,new_learn,54,6,-0.199159539498039,52.90371223889868,119.62293503576163,nll_glc_0
2,new_learn,54,6,-32.784575852315285,52.90371223889868,119.62293503576163,nll_glc_0
2,new_learn,54,6,31.03539619432338,52.90371223889868,119.62293503576163,nll_glc_0
2,new_learn,54,6,0.9999998858122037,70.9161904939096,155.64789154578347,nll_glc_1
2,new_learn,54,6,-47.2855820798009,70.9161904939096,155.64789154578347,nll_glc_1
2,new_learn,54,6,35.85705641150206,70.9161904939096,155.64789154578347,nll_glc_1
2,new_learn,54,6,41.7722421810259,77.36899181938091,168.5534941967261,nll_gcc_eq_0
2,new_learn,54,6,0.06356744884913468,77.36899181938091,168.5534941967261,nll_gcc_eq_0
2,new_learn,54,6,35.84113502311369,77.36899181938091,168.5534941967261,nll_gcc_eq_0
2,new_learn,54,6,49.386230302397905,100.61352948637322,215.04256953071072,nll_gcc_eq_1
2,new_learn,54,6,0.009247406944702163,100.61352948637322,215.04256953071072,nll_gcc_eq_1
2,new_learn,54,6,35.886875673970806,100.61352948637322,215.04256953071072,nll_gcc_eq_1
2,new_learn,54,6,0.031119112916385916,52.85249591038229,119.52050237872885,nll_gcc_eq_2
2,new_learn,54,6,48.085941778462306,52.85249591038229,119.52050237872885,nll_gcc_eq_2
2,new_learn,54,6,28.791306673092052,52.85249591038229,119.52050237872885,nll_gcc_eq_2
2,new_learn,54,6,99.98434658216796,56.12613115922478,126.06777287641383,nll_gcc_eq_3
2,new_learn,54,6,44.584957968735154,56.12613115922478,126.06777287641383,nll_gcc_eq_3
2,new_learn,54,6,26.951325233164347,56.12613115922478,126.06777287641383,nll_gcc_eq_3
2,new_learn,58,6,0.8173471400993984,68.62157087543459,137.24314175086917,nll_rand_guess
2,new_learn,58,6,0.4750185625781872,68.49526910414116,141.59570839427042,nll_bias_guess
2,new_learn,58,6,47.373372151048606,71.93445986335517,153.07926009868652,nll_unix_0
2,new_learn,58,6,38.3536010803448,71.93445986335517,153.07926009868652,nll_unix_0
2,new_learn,58,6,53.476100756371316,89.31005403889122,187.83044844975862,nll_unix_1
2,new_learn,58,6,38.35490526838638,89.31005403889122,187.83044844975862,nll_unix_1
2,new_learn,58,6,45.037390047692014,87.12234555116558,183.45503147430733,nll_uniy_0
2,new_learn,58,6,38.352553163309324,87.12234555116558,183.45503147430733,nll_uniy_0
2,new_learn,58,6,50.861437242265616,74.22398889776738,157.65831816751094,nll_uniy_1
2,new_learn,58,6,38.33573011430437,74.22398889776738,157.65831816751094,nll_uniy_1
2,new_learn,58,6,0.9997409902452261,71.92957042739985,157.67465141276398,nll_glc_0
2,new_learn,58,6,-48.278341377896496,71.92957042739985,157.67465141276398,nll_glc_0
2,new_learn,58,6,38.35367100563461,71.92957042739985,157.67465141276398,nll_glc_0
2,new_learn,58,6,-0.9999630475697058,71.93801565235601,157.6915418626763,nll_glc_1
2,new_learn,58,6,46.9788034355259,71.93801565235601,157.6915418626763,nll_glc_1
2,new_learn,58,6,38.352975186133826,71.93801565235601,157.6915418626763,nll_glc_1
2,new_learn,58,6,7.581801933582277,71.53414207510687,156.88379470817802,nll_gcc_eq_0
2,new_learn,58,6,36.86198226935201,71.53414207510687,156.88379470817802,nll_gcc_eq_0
2,new_learn,58,6,38.30376230247091,71.53414207510687,156.88379470817802,nll_gcc_eq_0
2,new_learn,58,6,67.34922933604221,70.30570665242222,154.4269238628087,nll_gcc_eq_1
2,new_learn,58,6,21.25225446333003,70.30570665242222,154.4269238628087,nll_gcc_eq_1
2,new_learn,58,6,38.35001169164069,70.30570665242222,154.4269238628087,nll_gcc_eq_1
2,new_learn,58,6,0.08503465399991939,87.97454335948674,189.76459727693776,nll_gcc_eq_2
2,new_learn,58,6,52.29282206547864,87.97454335948674,189.76459727693776,nll_gcc_eq_2
2,new_learn,58,6,38.3500203247814,87.97454335948674,189.76459727693776,nll_gcc_eq_2
2,new_learn,58,6,57.89334014472772,70.5400492624662,154.89560908289667,nll_gcc_eq_3
2,new_learn,58,6,97.21448249268418,70.5400492624662,154.89560908289667,nll_gcc_eq_3
2,new_learn,58,6,38.349289091662754,70.5400492624662,154.89560908289667,nll_gcc_eq_3
2,new_learn,64,6,0.05022616299948418,69.31471805599453,138.62943611198907,nll_rand_guess
2,new_learn,64,6,0.48032732477027934,69.23471817089148,143.07460652777107,nll_bias_guess
2,new_learn,64,6,45.25816948036622,82.72384811958048,174.65803661113713,nll_unix_0
2,new_learn,64,6,39.053264485658644,82.72384811958048,174.65803661113713,nll_unix_0
2,new_learn,64,6,48.53259913470599,78.35789136846995,165.92612310891607,nll_unix_1
2,new_learn,64,6,39.05728618862535,78.35789136846995,165.92612310891607,nll_unix_1
2,new_learn,64,6,53.0379766225831,74.73619436348692,158.68272909895,nll_uniy_0
2,new_learn,64,6,39.05330799952949,74.73619436348692,158.68272909895,nll_uniy_0
2,new_learn,64,6,58.337541501535696,89.07588773456261,187.3621158411014,nll_uniy_1
2,new_learn,64,6,39.05779843862414,89.07588773456261,187.3621158411014,nll_uniy_1
2,new_learn,64,6,0.5105020937019245,72.6323411593606,159.0801928766855,nll_glc_0
2,new_learn,64,6,-69.63631432144523,72.6323411593606,159.0801928766855,nll_glc_0
2,new_learn,64,6,39.05768363188999,72.6323411593606,159.0801928766855,nll_glc_0
2,new_learn,64,6,0.970301783771736,78.0912082668298,169.99792709162386,nll_glc_1
2,new_learn,64,6,-60.74799842571463,78.0912082668298,169.99792709162386,nll_glc_1
2,new_learn,64,6,39.05616195880191,78.0912082668298,169.99792709162386,nll_glc_1
2,new_learn,64,6,38.46230585876113,75.51201940296812,164.83954936390052,nll_gcc_eq_0
2,new_learn,64,6,4.624135804286659,75.51201940296812,164.83954936390052,nll_gcc_eq_0
2,new_learn,64,6,39.04612218843944,75.51201940296812,164.83954936390052,nll_gcc_eq_0
2,new_learn,64,6,51.57274697741242,83.82484052046196,181.4651915988882,nll_gcc_eq_1
2,new_learn,64,6,0.06317145218391573,83.82484052046196,181.4651915988882,nll_gcc_eq_1
2,new_learn,64,6,39.05772655222417,83.82484052046196,181.4651915988882,nll_gcc_eq_1
2,new_learn,64,6,18.322858177306667,74.99906972624922,163.8136500104627,nll_gcc_eq_2
2,new_learn,64,6,73.72489977397146,74.99906972624922,163.8136500104627,nll_gcc_eq_2
2,new_learn,64,6,39.05756600462746,74.99906972624922,163.8136500104627,nll_gcc_eq_2
2,new_learn,64,6,87.85596582301633,71.5575608773593,156.93063231268286,nll_gcc_eq_3
2,new_learn,64,6,68.27738221964256,71.5575608773593,156.93063231268286,nll_gcc_eq_3
2,new_learn,64,6,39.05509505571348,71.5575608773593,156.93063231268286,nll_gcc_eq_3
2,new_learn,68,6,0.36584525585109895,69.31471805599453,138.62943611198907,nll_rand_guess
2,new_learn,68,6,0.5189773518539819,69.23490618359003,143.07498255316816,nll_bias_guess
2,new_learn,68,6,54.405763124151754,74.6120827553408,158.43450588265776,nll_unix_0
2,new_learn,68,6,38.00498889005032,74.6120827553408,158.43450588265776,nll_unix_0
2,new_learn,68,6,51.6960373820488,90.81119667622161,190.8327337244194,nll_unix_1
2,new_learn,68,6,38.00574236197298,90.81119667622161,190.8327337244194,nll_unix_1
2,new_learn,68,6,55.93714937188098,47.901312247439456,105.0129648668551,nll_uniy_0
2,new_learn,68,6,24.797967346287006,47.901312247439456,105.0129648668551,nll_uniy_0
2,new_learn,68,6,50.789811032785934,115.78286255067735,240.77606547333087,nll_uniy_1
2,new_learn,68,6,38.00576563717874,115.78286255067735,240.77606547333087,nll_uniy_1
2,new_learn,68,6,0.392209651516672,41.197336047235375,96.21018265243502,nll_glc_0
2,new_learn,68,6,-71.91772956944023,41.197336047235375,96.21018265243502,nll_glc_0
2,new_learn,68,6,18.845746178953505,41.197336047235375,96.21018265243502,nll_glc_0
2,new_learn,68,6,-0.9999998692927752,74.63374814799042,163.0830068539451,nll_glc_1
2,new_learn,68,6,54.59747797080044,74.63374814799042,163.0830068539451,nll_glc_1
2,new_learn,68,6,38.001879035927026,74.63374814799042,163.0830068539451,nll_glc_1
2,new_learn,68,6,43.384686781106865,95.30170887644103,204.41892831084633,nll_gcc_eq_0
2,new_learn,68,6,0.07934000566066857,95.30170887644103,204.41892831084633,nll_gcc_eq_0
2,new_learn,68,6,37.99898686424436,95.30170887644103,204.41892831084633,nll_gcc_eq_0
2,new_learn,68,6,57.97402349639149,83.55918662955943,180.93388381708314,nll_gcc_eq_1
2,new_learn,68,6,0.0028967161911950257,83.55918662955943,180.93388381708314,nll_gcc_eq_1
2,new_learn,68,6,37.98698308668915,83.55918662955943,180.93388381708314,nll_gcc_eq_1
2,new_learn,68,6,0.0016336678694983675,50.15168791867187,114.11888639530801,nll_gcc_eq_2
2,new_learn,68,6,57.275281790558516,50.15168791867187,114.11888639530801,nll_gcc_eq_2
2,new_learn,68,6,21.703991994997384,50.15168791867187,114.11888639530801,nll_gcc_eq_2
2,new_learn,68,6,90.29350658395109,43.33506545682992,100.48564147162412,nll_gcc_eq_3
2,new_learn,68,6,63.22500806939053,43.33506545682992,100.48564147162412,nll_gcc_eq_3
2,new_learn,68,6,18.2016260668342,43.33506545682992,100.48564147162412,nll_gcc_eq_3
2,new_learn,72,6,0.8273242098880391,69.31471805599453,138.62943611198907,nll_rand_guess
2,new_learn,72,6,0.4698076565631415,69.13461732633675,142.8744048386616,nll_bias_guess
2,new_learn,72,6,42.87273297615967,68.17069052298302,145.55172141794222,nll_unix_0
2,new_learn,72,6,38.19426222244233,68.17069052298302,145.55172141794222,nll_unix_0
2,new_learn,72,6,49.861731374623616,96.8707185840913,202.9517775401588,nll_unix_1
2,new_learn,72,6,38.19557780449745,96.8707185840913,202.9517775401588,nll_unix_1
2,new_learn,72,6,50.53666380397388,63.728226300344446,136.66679297266506,nll_uniy_0
2,new_learn,72,6,38.19453655400345,63.728226300344446,136.66679297266506,nll_uniy_0
2,new_learn,72,6,56.40160872803938,94.2708997774163,197.75213992680878,nll_uniy_1
2,new_learn,72,6,38.19617538638528,94.2708997774163,197.75213992680878,nll_uniy_1
2,new_learn,72,6,0.5896098209722942,55.523019751947956,124.86155006186019,nll_glc_0
2,new_learn,72,6,-68.59917001775524,55.523019751947956,124.86155006186019,nll_glc_0
2,new_learn,72,6,27.368171750369694,55.523019751947956,124.86155006186019,nll_glc_0
2,new_learn,72,6,-0.999999973455781,68.18228631706832,150.1800831921009,nll_glc_1
2,new_learn,72,6,43.00188197846532,68.18228631706832,150.1800831921009,nll_glc_1
2,new_learn,72,6,38.166649936772075,68.18228631706832,150.1800831921009,nll_glc_1
2,new_learn,72,6,26.61491629072276,91.88245866221857,197.5804278824014,nll_gcc_eq_0
2,new_learn,72,6,26.54907574362789,91.88245866221857,197.5804278824014,nll_gcc_eq_0
2,new_learn,72,6,38.19570955700331,91.88245866221857,197.5804278824014,nll_gcc_eq_0
2,new_learn,72,6,47.061162999295846,71.97684728559526,157.76920512915478,nll_gcc_eq_1
2,new_learn,72,6,0.019199920401533177,71.97684728559526,157.76920512915478,nll_gcc_eq_1
2,new_learn,72,6,38.16964767454639,71.97684728559526,157.76920512915478,nll_gcc_eq_1
2,new_learn,72,6,0.0031547242375893347,69.585408547769,152.9863276535023,nll_gcc_eq_2
2,new_learn,72,6,55.125011406293346,69.585408547769,152.9863276535023,nll_gcc_eq_2
2,new_learn,72,6,38.069065644122276,69.585408547769,152.9863276535023,nll_gcc_eq_2
2,new_learn,72,6,74.00324092622974,56.58136405248487,126.97823866293402,nll_gcc_eq_3
2,new_learn,72,6,66.07758179813418,56.58136405248487,126.97823866293402,nll_gcc_eq_3
2,new_learn,72,6,27.672050371572247,56.58136405248487,126.97823866293402,nll_gcc_eq_3
2,new_learn,76,6,0.5923228547332315,69.31471805599453,138.62943611198907,nll_rand_guess
2,new_learn,76,6,0.5503553155299221,68.81390687868054,142.23298394334918,nll_bias_guess
2,new_learn,76,6,53.3923363222942,90.51229411779798,190.23492860757213,nll_unix_0
2,new_learn,76,6,37.73922479505096,90.51229411779798,190.23492860757213,nll_unix_0
2,new_learn,76,6,44.63919982785771,71.57327402061199,152.35688841320015,nll_unix_1
2,new_learn,76,6,37.73937234483808,71.57327402061199,152.35688841320015,nll_unix_1
2,new_learn,76,6,56.37328908778615,48.21537791856365,105.64109620910348,nll_uniy_0
2,new_learn,76,6,27.449087551732426,48.21537791856365,105.64109620910348,nll_uniy_0
2,new_learn,76,6,45.94367947808172,119.2427012109732,247.69574279392256,nll_uniy_1
2,new_learn,76,6,37.74077191056509,119.2427012109732,247.69574279392256,nll_uniy_1
2,new_learn,76,6,0.033584841879045424,48.19951267041272,110.21453589878972,nll_glc_0
2,new_learn,76,6,-57.858949629354804,48.19951267041272,110.21453589878972,nll_glc_0
2,new_learn,76,6,26.96963719943436,48.19951267041272,110.21453589878972,nll_glc_0
2,new_learn,76,6,0.9999999145021734,71.5823072774993,156.98012511296287,nll_glc_1
2,new_learn,76,6,-44.38529087905683,71.5823072774993,156.98012511296287,nll_glc_1
2,new_learn,76,6,37.740777679429826,71.5823072774993,156.98012511296287,nll_glc_1
2,new_learn,76,6,38.32474879864925,78.7704526979378,171.35641595383987,nll_gcc_eq_0
2,new_learn,76,6,0.002006877154627773,78.7704526979378,171.35641595383987,nll_gcc_eq_0
2,new_learn,76,6,37.7320182866036,78.7704526979378,171.35641595383987,nll_gcc_eq_0
2,new_learn,76,6,59.30034706450217,98.89349442727453,211.60249941251334,nll_gcc_eq_1
2,new_learn,76,6,0.004605328140854681,98.89349442727453,211.60249941251334,nll_gcc_eq_1
2,new_learn,76,6,37.74066980199738,98.89349442727453,211.60249941251334,nll_gcc_eq_1
2,new_learn,76,6,0.000978690272802396,48.05373533854378,109.92298123505184,nll_gcc_eq_2
2,new_learn,76,6,59.35648736722399,48.05373533854378,109.92298123505184,nll_gcc_eq_2
2,new_learn,76,6,25.255348800186148,48.05373533854378,109.92298123505184,nll_gcc_eq_2
2,new_learn,76,6,99.99303135760218,47.01198203886993,107.83947463570414,nll_gcc_eq_3
2,new_learn,76,6,59.42144579099846,47.01198203886993,107.83947463570414,nll_gcc_eq_3
2,new_learn,76,6,21.304189982747896,47.01198203886993,107.83947463570414,nll_gcc_eq_3
2,new_learn,80,6,0.1368173172128958,69.31471805599453,138.62943611198907,nll_rand_guess
2,new_learn,80,6,0.478905626149127,69.23493665231507,143.07504349061824,nll_bias_guess
2,new_learn,80,6,41.60036315482974,76.76788458011089,162.74610953219795,nll_unix_0
2,new_learn,80,6,36.18970127336709,76.76788458011089,162.74610953219795,nll_unix_0
2,new_learn,80,6,45.02675377400394,86.88733992440308,182.98502022078233,nll_unix_1
2,new_learn,80,6,36.19049422841099,86.88733992440308,182.98502022078233,nll_unix_1
2,new_learn,80,6,51.21894457279266,57.024809077744905,123.259958527466,nll_uniy_0
2,new_learn,80,6,34.57684003760477,57.024809077744905,123.259958527466,nll_uniy_0
2,new_learn,80,6,55.29229354739979,108.8841186884071,226.97857774879037,nll_uniy_1
2,new_learn,80,6,36.18919564695577,108.8841186884071,226.97857774879037,nll_uniy_1
2,new_learn,80,6,0.37950607788254365,54.25680272675123,122.32911601146674,nll_glc_0
2,new_learn,80,6,-63.96310590000864,54.25680272675123,122.32911601146674,nll_glc_0
2,new_learn,80,6,27.899365483388024,54.25680272675123,122.32911601146674,nll_glc_0
2,new_learn,80,6,-0.9999998810815545,76.80784698518005,167.43120452832437,nll_glc_1
2,new_learn,80,6,40.926973127405,76.80784698518005,167.43120452832437,nll_glc_1
2,new_learn,80,6,36.158819017660846,76.80784698518005,167.43120452832437,nll_glc_1
2,new_learn,80,6,38.91368295682507,88.91834547517408,191.65220150831243,nll_gcc_eq_0
2,new_learn,80,6,0.16932029390460457,88.91834547517408,191.65220150831243,nll_gcc_eq_0
2,new_learn,80,6,36.1899920538024,88.91834547517408,191.65220150831243,nll_gcc_eq_0
2,new_learn,80,6,45.46594323968978,82.12812871527234,178.07176798850895,nll_gcc_eq_1
2,new_learn,80,6,0.009875409132867219,82.12812871527234,178.07176798850895,nll_gcc_eq_1
2,new_learn,80,6,36.16476594671802,82.12812871527234,178.07176798850895,nll_gcc_eq_1
2,new_learn,80,6,0.012139834663528859,61.112547460849186,136.04060547966264,nll_gcc_eq_2
2,new_learn,80,6,55.619666155396075,61.112547460849186,136.04060547966264,nll_gcc_eq_2
2,new_learn,80,6,30.49500626139305,61.112547460849186,136.04060547966264,nll_gcc_eq_2
2,new_learn,80,6,93.81122340443409,55.391588215759256,124.59868698948279,nll_gcc_eq_3
2,new_learn,80,6,56.08068940383314,55.391588215759256,124.59868698948279,nll_gcc_eq_3
2,new_learn,80,6,27.988732287176983,55.391588215759256,124.59868698948279,nll_gcc_eq_3
2,relearn,43,6,0.29892036055304727,69.31471805599453,138.62943611198907,nll_rand_guess
2,relearn,43,6,0.500010639476883,69.31471807863421,143.23460634325653,nll_bias_guess
2,relearn,43,6,49.5283257785148,105.52153061232958,220.25340159663534,nll_unix_0
2,relearn,43,6,39.00078116381103,105.52153061232958,220.25340159663534,nll_unix_0
2,relearn,43,6,51.27680562564713,52.95340940326295,115.11715917850209,nll_unix_1
2,relearn,43,6,26.461320650478516,52.95340940326295,115.11715917850209,nll_unix_1
2,relearn,43,6,51.88713222529495,85.24470789889111,179.6997561697584,nll_uniy_0
2,relearn,43,6,38.995974377562874,85.24470789889111,179.6997561697584,nll_uniy_0
2,relearn,43,6,51.8763436455613,76.80853710112157,162.82741457421932,nll_uniy_1
2,relearn,43,6,39.00131571062848,76.80853710112157,162.82741457421932,nll_uniy_1
2,relearn,43,6,-0.9894250274010465,52.51028768646958,118.83608593090344,nll_glc_0
2,relearn,43,6,42.826358119165484,52.51028768646958,118.83608593090344,nll_glc_0
2,relearn,43,6,24.78920767800188,52.51028768646958,118.83608593090344,nll_glc_0
2,relearn,43,6,0.9999987087683091,52.96571510837744,119.74694077471915,nll_glc_1
2,relearn,43,6,-51.44265182651774,52.96571510837744,119.74694077471915,nll_glc_1
2,relearn,43,6,26.78803904166333,52.96571510837744,119.74694077471915,nll_glc_1
2,relearn,43,6,49.26550744463431,53.757603309690325,121.33071717734492,nll_gcc_eq_0
2,relearn,43,6,0.03207133854441224,53.757603309690325,121.33071717734492,nll_gcc_eq_0
2,relearn,43,6,24.79744241531689,53.757603309690325,121.33071717734492,nll_gcc_eq_0
2,relearn,43,6,99.91224845472543,79.3138913115476,172.44329318105946,nll_gcc_eq_1
2,relearn,43,6,43.59420187363575,79.3138913115476,172.44329318105946,nll_gcc_eq_1
2,relearn,43,6,39.00376569664256,79.3138913115476,172.44329318105946,nll_gcc_eq_1
2,relearn,43,6,47.50621672316417,51.74815891372073,117.31182838540573,nll_gcc_eq_2
2,relearn,43,6,99.98790836215522,51.74815891372073,117.31182838540573,nll_gcc_eq_2
2,relearn,43,6,21.747014282099787,51.74815891372073,117.31182838540573,nll_gcc_eq_2
2,relearn,43,6,99.99931059490099,90.5103337363594,194.83617803068307,nll_gcc_eq_3
2,relearn,43,6,57.27299942572529,90.5103337363594,194.83617803068307,nll_gcc_eq_3
2,relearn,43,6,38.98735391230619,90.5103337363594,194.83617803068307,nll_gcc_eq_3
2,relearn,47,6,0.8794481768297693,69.31471805599453,138.62943611198907,nll_rand_guess
2,relearn,47,6,0.609884991392375,66.87481146492924,138.35479311584658,nll_bias_guess
2,relearn,47,6,56.314667360311674,112.81885820095138,234.84805677387894,nll_unix_0
2,relearn,47,6,37.91567772651345,112.81885820095138,234.84805677387894,nll_unix_0
2,relearn,47,6,36.568748152725185,47.48110197820605,104.17254432838828,nll_unix_1
2,relearn,47,6,26.37858299454402,47.48110197820605,104.17254432838828,nll_unix_1
2,relearn,47,6,61.54982647715653,85.1339024662654,179.47814530450697,nll_uniy_0
2,relearn,47,6,37.91500294488364,85.1339024662654,179.47814530450697,nll_uniy_0
2,relearn,47,6,38.61245222959714,71.8744087979428,152.95915796786178,nll_uniy_1
2,relearn,47,6,37.8999285046729,71.8744087979428,152.95915796786178,nll_uniy_1
2,relearn,47,6,-0.9887952791161833,47.015693771861756,107.84689810168778,nll_glc_0
2,relearn,47,6,29.12189189448213,47.015693771861756,107.84689810168778,nll_glc_0
2,relearn,47,6,24.366020876875663,47.015693771861756,107.84689810168778,nll_glc_0
2,relearn,47,6,0.9999980877416339,47.49725637928623,108.81002331653673,nll_glc_1
2,relearn,47,6,-36.98689913631734,47.49725637928623,108.81002331653673,nll_glc_1
2,relearn,47,6,26.462440291161542,47.49725637928623,108.81002331653673,nll_glc_1
2,relearn,47,6,34.50978433076997,49.48243648784896,112.78038353366219,nll_gcc_eq_0
2,relearn,47,6,0.003203676591837734,49.48243648784896,112.78038353366219,nll_gcc_eq_0
2,relearn,47,6,24.71487155459499,49.48243648784896,112.78038353366219,nll_gcc_eq_0
2,relearn,47,6,99.99409709672648,77.81217260475172,169.43985576746772,nll_gcc_eq_1
2,relearn,47,6,31.795083207767988,77.81217260475172,169.43985576746772,nll_gcc_eq_1
2,relearn,47,6,37.88106589244924,77.81217260475172,169.43985576746772,nll_gcc_eq_1
2,relearn,47,6,32.80428743737994,47.57382487567069,108.96316030930565,nll_gcc_eq_2
2,relearn,47,6,99.92889202813191,47.57382487567069,108.96316030930565,nll_gcc_eq_2
2,relearn,47,6,22.476205647341757,47.57382487567069,108.96316030930565,nll_gcc_eq_2
2,relearn,47,6,99.97255044260298,92.70155805662156,199.2186266712074,nll_gcc_eq_3
2,relearn,47,6,65.88147887806853,92.70155805662156,199.2186266712074,nll_gcc_eq_3
2,relearn,47,6,37.913268666091746,92.70155805662156,199.2186266712074,nll_gcc_eq_3
2,relearn,53,6,0.768387728079867,69.31471805599453,138.62943611198907,nll_rand_guess
2,relearn,53,6,0.5502884506751159,68.81389818151465,142.2329665490174,nll_bias_guess
2,relearn,53,6,52.64515372152858,88.3027427008515,185.81582577367917,nll_unix_0
2,relearn,53,6,38.729204174712734,88.3027427008515,185.81582577367917,nll_unix_0
2,relearn,53,6,42.508683763326346,71.56058975973284,152.33151989144184,nll_unix_1
2,relearn,53,6,38.73194352212814,71.56058975973284,152.33151989144184,nll_unix_1
2,relearn,53,6,57.56713822570748,59.399273691589755,128.00888775515568,nll_uniy_0
2,relearn,53,6,36.807478692791165,59.399273691589755,128.00888775515568,nll_uniy_0
2,relearn,53,6,46.87663761015113,98.57734560521425,206.36503158240467,nll_uniy_1
2,relearn,53,6,38.72937127547129,98.57734560521425,206.36503158240467,nll_uniy_1
2,relearn,53,6,-0.4802277605188402,54.40408261182975,122.62367578162377,nll_glc_0
2,relearn,53,6,-27.172253130857797,54.40408261182975,122.62367578162377,nll_glc_0
2,relearn,53,6,25.683634706201744,54.40408261182975,122.62367578162377,nll_glc_0
2,relearn,53,6,0.9999992307629824,71.60890332012363,157.03331719821153,nll_glc_1
2,relearn,53,6,-42.6489170590973,71.60890332012363,157.03331719821153,nll_glc_1
2,relearn,53,6,38.680201519608,71.60890332012363,157.03331719821153,nll_glc_1
2,relearn,53,6,37.886219898850285,77.54100516250276,168.8975208829698,nll_gcc_eq_0
2,relearn,53,6,0.0314808986072137,77.54100516250276,168.8975208829698,nll_gcc_eq_0
2,relearn,53,6,38.70786026698765,77.54100516250276,168.8975208829698,nll_gcc_eq_0
2,relearn,53,6,62.265969219500846,88.50676778090124,190.82904611976676,nll_gcc_eq_1
2,relearn,53,6,0.0907059999526254,88.50676778090124,190.82904611976676,nll_gcc_eq_1
2,relearn,53,6,38.73138782927265,88.50676778090124,190.82904611976676,nll_gcc_eq_1
2,relearn,53,6,12.000813637341743,54.67931940671371,123.17414937139169,nll_gcc_eq_2
2,relearn,53,6,65.35098345399157,54.67931940671371,123.17414937139169,nll_gcc_eq_2
2,relearn,53,6,23.7686476292953,54.67931940671371,123.17414937139169,nll_gcc_eq_2
2,relearn,53,6,99.99188900788388,62.89935809557946,139.6142267491232,nll_gcc_eq_3
2,relearn,53,6,59.62153838995991,62.89935809557946,139.6142267491232,nll_gcc_eq_3
2,relearn,53,6,30.281650149616585,62.89935809557946,139.6142267491232,nll_gcc_eq_3
2,relearn,57,6,0.8555304427277318,69.31471805599453,138.62943611198907,nll_rand_guess
2,relearn,57,6,0.36140268722957847,65.3422459782249,135.2896621424379,nll_bias_guess
2,relearn,57,6,39.143276961952864,99.1616840444969,207.53370846096996,nll_unix_0
2,relearn,57,6,37.55718341997698,99.1616840444969,207.53370846096996,nll_unix_0
2,relearn,57,6,67.82468547416576,54.73992444402115,118.69018926001849,nll_unix_1
2,relearn,57,6,35.82914900980671,54.73992444402115,118.69018926001849,nll_unix_1
2,relearn,57,6,39.271727780741266,79.03922104625696,167.28878246449008,nll_uniy_0
2,relearn,57,6,37.55840127078739,79.03922104625696,167.28878246449008,nll_uniy_0
2,relearn,57,6,66.7034872058001,75.11694982186594,159.44424001570806,nll_uniy_1
2,relearn,57,6,37.562363481048735,75.11694982186594,159.44424001570806,nll_uniy_1
2,relearn,57,6,-0.9742578106478096,53.9721499959376,121.75981054983947,nll_glc_0
2,relearn,57,6,53.127967098764614,53.9721499959376,121.75981054983947,nll_glc_0
2,relearn,57,6,31.316203686540234,53.9721499959376,121.75981054983947,nll_glc_0
2,relearn,57,6,0.9999997390971229,54.75716673910279,123.32984403616986,nll_glc_1
2,relearn,57,6,-68.07084120967535,54.75716673910279,123.32984403616986,nll_glc_1
2,relearn,57,6,37.095971717008354,54.75716673910279,123.32984403616986,nll_glc_1
2,relearn,57,6,63.955800376481264,56.8524063180841,127.52032319413247,nll_gcc_eq_0
2,relearn,57,6,0.02589776538776789,56.8524063180841,127.52032319413247,nll_gcc_eq_0
2,relearn,57,6,35.31234002768292,56.8524063180841,127.52032319413247,nll_gcc_eq_0
2,relearn,57,6,99.98441662374947,78.95477907099422,171.72506869995271,nll_gcc_eq_1
2,relearn,57,6,60.22104396697653,78.95477907099422,171.72506869995271,nll_gcc_eq_1
2,relearn,57,6,37.55982143369346,78.95477907099422,171.72506869995271,nll_gcc_eq_1
2,relearn,57,6,62.413070209328794,56.96358549176882,127.74268154150191,nll_gcc_eq_2
2,relearn,57,6,99.984245595865,56.96358549176882,127.74268154150191,nll_gcc_eq_2
2,relearn,57,6,33.866731731286634,56.96358549176882,127.74268154150191,nll_gcc_eq_2
2,relearn,57,6,99.99636657305552,83.41610996353575,180.64773048503577,nll_gcc_eq_3
2,relearn,57,6,44.405262934026624,83.41610996353575,180.64773048503577,nll_gcc_eq_3
2,relearn,57,6,37.54637135433198,83.41610996353575,180.64773048503577,nll_gcc_eq_3
2,relearn,61,6,0.4825935321166407,69.31471805599453,138.62943611198907,nll_rand_guess
2,relearn,61,6,0.4799002345492439,69.23469870283658,143.07456759166126,nll_bias_guess
2,relearn,61,6,45.6298280843467,113.34207023212174,235.89448083621966,nll_unix_0
2,relearn,61,6,37.23144871223395,113.34207023212174,235.89448083621966,nll_unix_0
2,relearn,61,6,50.341256470062575,52.6319416369912,114.47422364595859,nll_unix_1
2,relearn,61,6,29.161953558734982,52.6319416369912,114.47422364595859,nll_unix_1
2,relearn,61,6,41.5292673936462,60.03305954970809,129.27645947139237,nll_uniy_0
2,relearn,61,6,35.94269104170671,60.03305954970809,129.27645947139237,nll_uniy_0
2,relearn,61,6,46.12694989554801,99.5475773870985,208.30549514617317,nll_uniy_1
2,relearn,61,6,37.2322597151818,99.5475773870985,208.30549514617317,nll_uniy_1
2,relearn,61,6,-0.7004639022850396,28.097540940062792,70.01059243808986,nll_glc_0
2,relearn,61,6,3.092464777488788,28.097540940062792,70.01059243808986,nll_glc_0
2,relearn,61,6,12.304686572502955,28.097540940062792,70.01059243808986,nll_glc_0
2,relearn,61,6,0.9999999991477426,52.634009535465324,119.08352962889492,nll_glc_1
2,relearn,61,6,-50.15024319410062,52.634009535465324,119.08352962889492,nll_glc_1
2,relearn,61,6,29.01228995813753,52.634009535465324,119.08352962889492,nll_glc_1
2,relearn,61,6,49.833856261018404,59.41045969842846,132.6364299548212,nll_gcc_eq_0
2,relearn,61,6,0.0045593523903662,59.41045969842846,132.6364299548212,nll_gcc_eq_0
2,relearn,61,6,23.82370378169144,59.41045969842846,132.6364299548212,nll_gcc_eq_0
2,relearn,61,6,93.1809460825256,98.21512356832292,210.24575769461012,nll_gcc_eq_1
2,relearn,61,6,33.676851544584906,98.21512356832292,210.24575769461012,nll_gcc_eq_1
2,relearn,61,6,37.22859293935032,98.21512356832292,210.24575769461012,nll_gcc_eq_1
2,relearn,61,6,32.62097785444273,33.62267920413332,81.06086896623091,nll_gcc_eq_2
2,relearn,61,6,60.15459416886571,33.62267920413332,81.06086896623091,nll_gcc_eq_2
2,relearn,61,6,13.013679562660414,33.62267920413332,81.06086896623091,nll_gcc_eq_2
2,relearn,61,6,99.97566912908431,66.81766576540367,147.45084208877162,nll_gcc_eq_3
2,relearn,61,6,42.312133303854615,66.81766576540367,147.45084208877162,nll_gcc_eq_3
2,relearn,61,6,26.461117121368332,66.81766576540367,147.45084208877162,nll_gcc_eq_3
2,relearn,65,6,0.8249908202850863,69.31471805599453,138.62943611198907,nll_rand_guess
2,relearn,65,6,0.4293503589647974,68.33157747293484,141.26832513185778,nll_bias_guess
2,relearn,65,6,43.355728589280616,103.61943247295962,216.4492053178954,nll_unix_0
2,relearn,65,6,37.847870765018754,103.61943247295962,216.4492053178954,nll_unix_0
2,relearn,65,6,56.29543517464277,53.96669408641575,117.14372854480769,nll_unix_1
2,relearn,65,6,27.853627220881243,53.96669408641575,117.14372854480769,nll_unix_1
2,relearn,65,6,46.77461834595166,62.01828874918996,133.2469178703561,nll_uniy_0
2,relearn,65,6,37.84784493104509,62.01828874918996,133.2469178703561,nll_uniy_0
2,relearn,65,6,61.95127605729782,99.49891934934519,208.20817907066655,nll_uniy_1
2,relearn,65,6,37.845058470820334,99.49891934934519,208.20817907066655,nll_uniy_1
2,relearn,65,6,-0.8009583553559549,35.87775530795729,85.57102117387885,nll_glc_0
2,relearn,65,6,12.15527571344997,35.87775530795729,85.57102117387885,nll_glc_0
2,relearn,65,6,14.703643960367629,35.87775530795729,85.57102117387885,nll_glc_0
2,relearn,65,6,0.9999999651151965,53.97965684638895,121.77482425074217,nll_glc_1
2,relearn,65,6,-56.258663937964734,53.97965684638895,121.77482425074217,nll_glc_1
2,relearn,65,6,28.234285779571263,53.97965684638895,121.77482425074217,nll_glc_1
2,relearn,65,6,55.39979241003219,57.472137880113564,128.7597863181914,nll_gcc_eq_0
2,relearn,65,6,0.0275127919923861,57.472137880113564,128.7597863181914,nll_gcc_eq_0
2,relearn,65,6,23.732765071020975,57.472137880113564,128.7597863181914,nll_gcc_eq_0
2,relearn,65,6,68.85058889786627,98.17928463899973,210.17407983596374,nll_gcc_eq_1
2,relearn,65,6,31.428516580501782,98.17928463899973,210.17407983596374,nll_gcc_eq_1
2,relearn,65,6,37.84435922342402,98.17928463899973,210.17407983596374,nll_gcc_eq_1
2,relearn,65,6,41.30908523950294,41.89376318600296,97.60303692997019,nll_gcc_eq_2
2,relearn,65,6,72.56176534301787,41.89376318600296,97.60303692997019,nll_gcc_eq_2
2,relearn,65,6,16.552109501368136,41.89376318600296,97.60303692997019,nll_gcc_eq_2
2,relearn,65,6,99.9953158698478,68.95265644404729,151.72082344605886,nll_gcc_eq_3
2,relearn,65,6,49.99857195141204,68.95265644404729,151.72082344605886,nll_gcc_eq_3
2,relearn,65,6,37.5967319962581,68.95265644404729,151.72082344605886,nll_gcc_eq_3
2,relearn,71,6,0.8365009098992118,67.92842369487464,135.85684738974928,nll_rand_guess
2,relearn,71,6,0.47012619429956815,67.74474257157047,140.09465532912904,nll_bias_guess
2,relearn,71,6,49.10052329482972,75.34696636650128,159.90427310497873,nll_unix_0
2,relearn,71,6,37.475896864943635,75.34696636650128,159.90427310497873,nll_unix_0
2,relearn,71,6,55.55436774080202,88.56951956894095,186.34937950985807,nll_unix_1
2,relearn,71,6,37.4772618927652,88.56951956894095,186.34937950985807,nll_unix_1
2,relearn,71,6,44.755708688535314,86.04823702769092,181.306814427358,nll_uniy_0
2,relearn,71,6,37.47706865715361,86.04823702769092,181.306814427358,nll_uniy_0
2,relearn,71,6,51.101974764866775,76.12887656336873,161.46809349871364,nll_uniy_1
2,relearn,71,6,37.47409677202074,76.12887656336873,161.46809349871364,nll_uniy_1
2,relearn,71,6,0.9999997819307,75.3589695863455,164.53344973065526,nll_glc_0
2,relearn,71,6,-49.020142058898735,75.3589695863455,164.53344973065526,nll_glc_0
2,relearn,71,6,37.467434742061826,75.3589695863455,164.53344973065526,nll_glc_0
2,relearn,71,6,-0.7150712923662692,69.58792970937293,152.99136997671013,nll_glc_1
2,relearn,71,6,0.24236048496266077,69.58792970937293,152.99136997671013,nll_glc_1
2,relearn,71,6,37.47713669316451,69.58792970937293,152.99136997671013,nll_glc_1
2,relearn,71,6,0.050914754693529574,78.09945927783004,170.01442911362435,nll_gcc_eq_0
2,relearn,71,6,45.32298811386782,78.09945927783004,170.01442911362435,nll_gcc_eq_0
2,relearn,71,6,37.474724546560324,78.09945927783004,170.01442911362435,nll_gcc_eq_0
2,relearn,71,6,73.64363267011078,67.45814207988042,148.7317947177251,nll_gcc_eq_1
2,relearn,71,6,21.96671225979072,67.45814207988042,148.7317947177251,nll_gcc_eq_1
2,relearn,71,6,37.47037883690492,67.45814207988042,148.7317947177251,nll_gcc_eq_1
2,relearn,71,6,21.73189711048235,81.19389677717831,176.2033041123209,nll_gcc_eq_2
2,relearn,71,6,66.2374264793051,81.19389677717831,176.2033041123209,nll_gcc_eq_2
2,relearn,71,6,37.4632808419603,81.19389677717831,176.2033041123209,nll_gcc_eq_2
2,relearn,71,6,55.114071298379194,77.23813776977212,168.29178609750852,nll_gcc_eq_3
2,relearn,71,6,99.99707299855098,77.23813776977212,168.29178609750852,nll_gcc_eq_3
2,relearn,71,6,37.47521400777464,77.23813776977212,168.29178609750852,nll_gcc_eq_3
2,relearn,77,6,0.34386431504308,67.23527651431469,134.47055302862938,nll_rand_guess
2,relearn,77,6,0.6908001340260986,59.996639364383114,124.59844891475431,nll_bias_guess
2,relearn,77,6,66.9853352004406,84.9890910123074,179.18852239659097,nll_unix_0
2,relearn,77,6,36.218416377693316,84.9890910123074,179.18852239659097,nll_unix_0
2,relearn,77,6,27.548933647728347,57.85047752845257,124.91129542888133,nll_unix_1
2,relearn,77,6,36.218270400466054,57.85047752845257,124.91129542888133,nll_unix_1
2,relearn,77,6,73.54354143438364,51.16341232797834,111.53716502793287,nll_uniy_0
2,relearn,77,6,36.2156068116459,51.16341232797834,111.53716502793287,nll_uniy_0
2,relearn,77,6,34.547385476705905,95.52296469574563,200.25626976346743,nll_uniy_1
2,relearn,77,6,36.23251721500145,95.52296469574563,200.25626976346743,nll_uniy_1
2,relearn,77,6,-0.6336197901947038,42.170705507540504,98.15692157304528,nll_glc_0
2,relearn,77,6,-25.514063228094113,42.170705507540504,98.15692157304528,nll_glc_0
2,relearn,77,6,21.766023072071555,42.170705507540504,98.15692157304528,nll_glc_0
2,relearn,77,6,0.9999999558995938,57.85570849935506,129.5269275566744,nll_glc_1
2,relearn,77,6,-28.122440826971538,57.85570849935506,129.5269275566744,nll_glc_1
2,relearn,77,6,36.21834727798084,57.85570849935506,129.5269275566744,nll_glc_1
2,relearn,77,6,25.134616416232348,66.51760233744173,146.85071523284773,nll_gcc_eq_0
2,relearn,77,6,0.008924770946485694,66.51760233744173,146.85071523284773,nll_gcc_eq_0
2,relearn,77,6,36.096414198830516,66.51760233744173,146.85071523284773,nll_gcc_eq_0
2,relearn,77,6,80.96871077087437,81.29039331156879,176.39629718110186,nll_gcc_eq_1
2,relearn,77,6,0.08571773102944746,81.29039331156879,176.39629718110186,nll_gcc_eq_1
2,relearn,77,6,36.222462884015656,81.29039331156879,176.39629718110186,nll_gcc_eq_1
2,relearn,77,6,15.516056089034983,38.31482450635575,90.44515957067577,nll_gcc_eq_2
2,relearn,77,6,77.50081109014765,38.31482450635575,90.44515957067577,nll_gcc_eq_2
2,relearn,77,6,15.4003928531167,38.31482450635575,90.44515957067577,nll_gcc_eq_2
2,relearn,77,6,99.98961101707755,58.091947551600335,129.99940566116493,nll_gcc_eq_3
2,relearn,77,6,72.56602460366508,58.091947551600335,129.99940566116493,nll_gcc_eq_3
2,relearn,77,6,29.046694363560324,58.091947551600335,129.99940566116493,nll_gcc_eq_3
